-- Adminer 4.5.0 MySQL dump

SET NAMES utf8;
SET time_zone = '+00:00';
SET foreign_key_checks = 0;
SET sql_mode = 'NO_AUTO_VALUE_ON_ZERO';

DROP TABLE IF EXISTS `access`;
CREATE TABLE `access` (
  `access_id` int(100) NOT NULL AUTO_INCREMENT,
  `entitlement_id` int(100) NOT NULL,
  `profile_id` int(10) NOT NULL,
  PRIMARY KEY (`access_id`),
  KEY `privilege_id` (`entitlement_id`),
  CONSTRAINT `access_ibfk_1` FOREIGN KEY (`entitlement_id`) REFERENCES `entitlement` (`entitlement_id`)
) ENGINE=InnoDB DEFAULT CHARSET=latin1;

INSERT INTO `access` (`access_id`, `entitlement_id`, `profile_id`) VALUES
(0,	12,	8),
(1,	16,	8),
(2,	32,	8),
(3,	33,	8),
(4,	35,	8),
(5,	45,	8),
(6,	46,	8),
(7,	56,	8),
(8,	2,	1),
(9,	5,	1),
(10,	9,	7),
(11,	10,	7),
(12,	12,	7),
(13,	13,	7),
(14,	14,	7),
(15,	15,	7),
(16,	16,	7),
(17,	17,	7),
(18,	18,	7),
(19,	19,	7),
(20,	20,	7),
(21,	21,	7),
(22,	23,	7),
(23,	24,	7),
(24,	25,	7),
(25,	26,	7),
(26,	27,	7),
(27,	28,	7),
(28,	29,	7),
(29,	30,	7),
(30,	31,	7),
(31,	32,	7),
(32,	33,	7),
(33,	34,	7),
(34,	35,	7),
(35,	36,	7),
(36,	37,	7),
(37,	38,	7),
(38,	39,	7),
(39,	40,	7),
(40,	41,	7),
(41,	42,	7),
(42,	43,	7),
(43,	44,	7),
(44,	45,	7),
(45,	46,	7),
(46,	47,	7),
(47,	48,	7),
(48,	49,	7),
(49,	50,	7),
(50,	51,	7),
(51,	52,	7),
(52,	53,	7),
(53,	54,	7),
(54,	55,	7),
(55,	56,	7),
(56,	57,	7),
(57,	3,	7),
(58,	4,	7),
(59,	5,	7),
(60,	6,	7),
(61,	7,	7),
(62,	8,	7),
(64,	1,	2),
(65,	2,	2),
(66,	4,	2),
(67,	10,	2),
(68,	12,	2),
(69,	13,	2),
(70,	16,	2),
(71,	19,	2),
(72,	20,	2),
(96,	1,	3),
(97,	6,	3),
(98,	23,	3),
(751,	1,	7),
(752,	2,	7),
(831,	60,	7);

DROP TABLE IF EXISTS `category`;
CREATE TABLE `category` (
  `category_id` int(100) NOT NULL AUTO_INCREMENT,
  `name` varchar(100) NOT NULL,
  `description` longtext NOT NULL,
  `grouping_id` int(100) NOT NULL,
  `visibility` int(100) NOT NULL COMMENT '1=all countries, country_ids',
  `assignment` varchar(20) NOT NULL COMMENT '2=>manager,1=>peer',
  `unit` tinyint(4) NOT NULL,
  `status` tinyint(4) NOT NULL COMMENT '0=inactive,1=active',
  `created_date` datetime NOT NULL,
  `created_by` int(100) NOT NULL,
  `last_modified_date` timestamp NOT NULL DEFAULT CURRENT_TIMESTAMP ON UPDATE CURRENT_TIMESTAMP,
  `last_modified_by` int(100) NOT NULL,
  PRIMARY KEY (`category_id`)
) ENGINE=InnoDB DEFAULT CHARSET=latin1;

INSERT INTO `category` (`category_id`, `name`, `description`, `grouping_id`, `visibility`, `assignment`, `unit`, `status`, `created_date`, `created_by`, `last_modified_date`, `last_modified_by`) VALUES
(1,	'Outstanding demonstration of Cultural behaviors ',	'<p>\r\n	Outstanding demonstration of Cultural behaviors&nbsp;Outstanding demonstration of Cultural behaviors&nbsp;</p>\r\n',	1,	1,	'1',	4,	1,	'2018-06-04 11:45:57',	1,	'2018-06-04 17:45:57',	1),
(2,	'Customer service ',	'<p>\r\n	Customer service to Colleagues, Partners, Suppliers, Beneficiaries</p>\r\n',	1,	1,	'1',	4,	1,	'2018-06-04 11:46:54',	1,	'2018-06-04 17:46:54',	1),
(3,	'Innovative initiative ',	'<p>\r\n	Innovative initiative&nbsp;</p>\r\n',	1,	1,	'1',	4,	1,	'2018-06-04 11:47:34',	1,	'2018-06-04 17:47:34',	1),
(4,	'Innovative initiative ',	'<p>\r\n	Innovative initiative&nbsp;</p>\r\n',	2,	1,	'2',	4,	1,	'2018-06-04 11:48:17',	1,	'2018-06-04 17:48:17',	1),
(5,	'Demonstration of Excellent leadership ',	'<p>\r\n	Demonstration of Excellent leadership&nbsp;</p>\r\n',	2,	1,	'2',	4,	1,	'2018-06-04 11:49:11',	1,	'2018-06-04 17:49:11',	1),
(6,	'Demonstration of Excellent leadership ',	'<p>\r\n	Demonstration of Excellent leadership&nbsp;</p>\r\n',	1,	1,	'1',	4,	1,	'2018-06-04 11:49:43',	1,	'2018-06-04 17:49:43',	1),
(7,	'Excellent Performance ',	'<p>\r\n	Excellent Performance&nbsp;</p>\r\n',	2,	1,	'2',	4,	1,	'2018-06-04 11:52:17',	1,	'2018-06-04 17:52:17',	1),
(8,	'Staff Welfare',	'<p>\r\n	Testing</p>\r\n',	1,	31,	'1',	4,	1,	'2018-06-06 02:50:15',	1,	'2018-06-06 08:50:15',	1),
(9,	'Most Committed Team',	'<p>\r\n	Committed team</p>\r\n',	1,	1,	'1',	3,	1,	'2018-06-14 06:25:31',	390,	'2018-06-14 12:25:31',	390);

DROP TABLE IF EXISTS `ci_sessions`;
CREATE TABLE `ci_sessions` (
  `id` varchar(40) COLLATE utf8_unicode_ci NOT NULL,
  `ip_address` varchar(45) COLLATE utf8_unicode_ci NOT NULL,
  `timestamp` int(10) unsigned NOT NULL DEFAULT '0',
  `data` blob NOT NULL,
  PRIMARY KEY (`id`),
  KEY `ci_sessions_timestamp` (`timestamp`)
) ENGINE=InnoDB DEFAULT CHARSET=utf8 COLLATE=utf8_unicode_ci;

INSERT INTO `ci_sessions` (`id`, `ip_address`, `timestamp`, `data`) VALUES
('1b0e78c17939cf050ee1e4d1f4609344c5c6a036',	'197.248.182.34',	1529651025,	'__ci_last_regenerate|i:1529651025;'),
('639c3613d6b092af5934199b6cf77123f03f6278',	'197.248.182.34',	1529650033,	'__ci_last_regenerate|i:1529650007;user_login|s:1:\"1\";login_user_id|s:2:\"15\";name|s:5:\"Nancy\";login_type|s:16:\"Supv Bus Support\";profile_id|s:1:\"4\";country_id|s:2:\"28\";view_type|s:7:\"surveys\";flash_message|s:7:\"Success\";__ci_vars|a:1:{s:13:\"flash_message\";s:3:\"old\";}');

DROP TABLE IF EXISTS `contribution`;
CREATE TABLE `contribution` (
  `contribution_id` int(100) NOT NULL AUTO_INCREMENT,
  `name` varchar(50) NOT NULL,
  PRIMARY KEY (`contribution_id`)
) ENGINE=InnoDB DEFAULT CHARSET=latin1;

INSERT INTO `contribution` (`contribution_id`, `name`) VALUES
(1,	'staff'),
(2,	'manager');

DROP TABLE IF EXISTS `country`;
CREATE TABLE `country` (
  `country_id` int(100) NOT NULL AUTO_INCREMENT,
  `name` varchar(50) NOT NULL,
  `created_date` datetime NOT NULL,
  `created_by` int(100) NOT NULL,
  `last_modified_by` int(100) NOT NULL,
  `last_modified_date` timestamp NOT NULL DEFAULT CURRENT_TIMESTAMP ON UPDATE CURRENT_TIMESTAMP,
  PRIMARY KEY (`country_id`)
) ENGINE=InnoDB DEFAULT CHARSET=latin1;

INSERT INTO `country` (`country_id`, `name`, `created_date`, `created_by`, `last_modified_by`, `last_modified_date`) VALUES
(1,	'All',	'0000-00-00 00:00:00',	0,	0,	'2018-05-31 10:38:14'),
(25,	'Kenya',	'0000-00-00 00:00:00',	0,	0,	'2018-05-31 10:38:14'),
(26,	'Uganda',	'0000-00-00 00:00:00',	0,	0,	'2018-05-31 10:38:14'),
(27,	'Rwanda',	'0000-00-00 00:00:00',	0,	0,	'2018-06-13 18:17:10'),
(28,	'Tanzania',	'0000-00-00 00:00:00',	0,	0,	'2018-05-31 10:38:14'),
(29,	'Togo',	'0000-00-00 00:00:00',	0,	0,	'2018-05-31 10:38:14'),
(30,	'Ethiopia',	'0000-00-00 00:00:00',	0,	0,	'2018-05-31 10:38:14'),
(31,	'Ghana',	'0000-00-00 00:00:00',	0,	0,	'2018-05-31 10:38:14'),
(33,	'Burkina Faso',	'0000-00-00 00:00:00',	0,	0,	'2018-05-31 10:38:14');

DROP TABLE IF EXISTS `department`;
CREATE TABLE `department` (
  `department_id` int(50) NOT NULL AUTO_INCREMENT,
  `name` varchar(50) NOT NULL,
  `created_by` int(100) NOT NULL,
  `created_date` datetime NOT NULL,
  `last_modified_by` int(100) NOT NULL,
  `last_modified_date` timestamp NOT NULL DEFAULT CURRENT_TIMESTAMP ON UPDATE CURRENT_TIMESTAMP,
  PRIMARY KEY (`department_id`)
) ENGINE=InnoDB DEFAULT CHARSET=latin1;

INSERT INTO `department` (`department_id`, `name`, `created_by`, `created_date`, `last_modified_by`, `last_modified_date`) VALUES
(1,	'Finance\r',	0,	'0000-00-00 00:00:00',	0,	'2018-06-13 07:58:43'),
(2,	'Business\r',	0,	'0000-00-00 00:00:00',	0,	'2018-06-13 07:58:43'),
(3,	'GTS',	0,	'0000-00-00 00:00:00',	0,	'2018-06-13 18:22:35'),
(4,	'Risk\r',	0,	'0000-00-00 00:00:00',	0,	'2018-06-13 07:58:43'),
(5,	'Program Support\r',	0,	'0000-00-00 00:00:00',	0,	'2018-06-13 07:58:43'),
(6,	'HR\r',	0,	'0000-00-00 00:00:00',	0,	'2018-06-13 07:58:43'),
(7,	'Supporter Experiences\r',	0,	'0000-00-00 00:00:00',	0,	'2018-06-13 07:58:43'),
(8,	'Partnership\r',	0,	'0000-00-00 00:00:00',	0,	'2018-06-13 07:58:43');

DROP TABLE IF EXISTS `entitlement`;
CREATE TABLE `entitlement` (
  `entitlement_id` int(100) NOT NULL AUTO_INCREMENT,
  `name` varchar(100) NOT NULL,
  `derivative_id` int(10) NOT NULL,
  PRIMARY KEY (`entitlement_id`)
) ENGINE=InnoDB DEFAULT CHARSET=latin1;

INSERT INTO `entitlement` (`entitlement_id`, `name`, `derivative_id`) VALUES
(1,	'switch_user',	0),
(2,	'add_user',	20),
(3,	'delete_user',	20),
(4,	'edit_user',	20),
(5,	'manage_language',	7),
(6,	'translate_language',	5),
(7,	'manage_settings',	0),
(8,	'system_settings',	7),
(9,	'sms_settings',	7),
(10,	'manage_surveys',	0),
(12,	'survey_results',	10),
(13,	'manage_setup_parameters',	19),
(14,	'setup_countries',	13),
(15,	'setup_departments',	13),
(16,	'setup_teams',	13),
(17,	'setup_roles',	13),
(18,	'setup_profiles',	13),
(19,	'manage_users',	0),
(20,	'manage_accounts',	19),
(21,	'self_assign_privilege',	0),
(23,	'change_scope',	20),
(24,	'suspend_user',	20),
(25,	'add_language',	5),
(26,	'self_update',	20),
(27,	'manage_grouping',	10),
(28,	'add_grouping',	27),
(29,	'edit_grouping',	27),
(30,	'delete_grouping',	27),
(31,	'manage_category',	10),
(32,	'add_category',	31),
(33,	'edit_category',	31),
(34,	'delete_category',	31),
(35,	'survey_settings',	10),
(36,	'add_survey',	35),
(37,	'edit_survey',	35),
(38,	'delete_survey',	35),
(39,	'add_country',	14),
(40,	'edit_country',	14),
(41,	'delete_country',	14),
(42,	'add_department',	15),
(43,	'edit_department',	15),
(44,	'delete_department',	15),
(45,	'add_team',	16),
(46,	'edit_team',	16),
(47,	'delete_team',	16),
(48,	'add_role',	17),
(49,	'edit_role',	17),
(50,	'delete_role',	17),
(51,	'mail_templates',	10),
(52,	'messages',	0),
(53,	'add_profile',	18),
(54,	'edit_profile',	18),
(55,	'add_vote',	10),
(56,	'edit_vote',	10),
(57,	'delete_vote',	10),
(58,	'delete_profile',	18),
(59,	'dashboard',	0),
(60,	'active_survey',	59),
(61,	'registered_users',	59),
(62,	'cast_votes',	59),
(63,	'voting_days',	59),
(64,	'uncast_votes',	59),
(65,	'survey_status',	35);

DROP TABLE IF EXISTS `grouping`;
CREATE TABLE `grouping` (
  `grouping_id` int(100) NOT NULL AUTO_INCREMENT,
  `name` varchar(100) NOT NULL,
  `description` longtext NOT NULL,
  `status` tinyint(4) NOT NULL,
  `created_date` datetime NOT NULL DEFAULT '0000-00-00 00:00:00' ON UPDATE CURRENT_TIMESTAMP,
  `last_modified` timestamp NOT NULL DEFAULT CURRENT_TIMESTAMP ON UPDATE CURRENT_TIMESTAMP,
  `created_by` int(100) NOT NULL,
  `last_modified_by` int(100) NOT NULL,
  PRIMARY KEY (`grouping_id`)
) ENGINE=InnoDB DEFAULT CHARSET=latin1;

INSERT INTO `grouping` (`grouping_id`, `name`, `description`, `status`, `created_date`, `last_modified`, `created_by`, `last_modified_by`) VALUES
(1,	'Peer Categories',	'<p>\r\n	Peer Categories</p>\r\n',	1,	'2018-06-13 18:54:05',	'2018-06-13 15:54:05',	0,	0),
(2,	'Manager Categories',	'Manager Categories\r\n',	1,	'2018-06-04 21:03:53',	'2018-06-04 18:03:53',	0,	0);

DROP TABLE IF EXISTS `language`;
CREATE TABLE `language` (
  `phrase_id` int(11) NOT NULL AUTO_INCREMENT,
  `phrase` longtext COLLATE utf8_unicode_ci NOT NULL,
  `english` longtext COLLATE utf8_unicode_ci NOT NULL,
  `spanish` longtext COLLATE utf8_unicode_ci NOT NULL,
  `french` longtext COLLATE utf8_unicode_ci NOT NULL,
  `swahili` longtext COLLATE utf8_unicode_ci,
  PRIMARY KEY (`phrase_id`)
) ENGINE=MyISAM DEFAULT CHARSET=utf8 COLLATE=utf8_unicode_ci;

INSERT INTO `language` (`phrase_id`, `phrase`, `english`, `spanish`, `french`, `swahili`) VALUES
(1,	'login',	'',	'',	'',	''),
(2,	'forgot_your_password',	'',	'',	'',	''),
(3,	'staff_dashboard',	'',	'',	'',	''),
(4,	'dashboard',	'',	'',	'',	'Deshibodi'),
(5,	'account',	'',	'',	'',	''),
(6,	'edit_profile',	'',	'',	'',	''),
(7,	'change_password',	'',	'',	'',	''),
(8,	'event_schedule',	'',	'',	'',	''),
(9,	'users',	'',	'',	'',	''),
(10,	'delete',	'',	'',	'',	''),
(11,	'cancel',	'',	'',	'',	''),
(12,	'Ok',	'',	'',	'',	''),
(13,	'language',	'',	'',	'',	''),
(14,	'administrator',	'',	'',	'',	''),
(15,	'switch_user',	'',	'',	'',	''),
(16,	'reset_password',	'',	'',	'',	''),
(17,	'return_to_login_page',	'',	'',	'',	''),
(18,	'manager_dashboard',	'',	'',	'',	''),
(19,	'manage_profile',	'',	'',	'',	''),
(20,	'firstname',	'',	'',	'',	''),
(21,	'lastname',	'',	'',	'',	''),
(22,	'email',	'',	'',	'',	''),
(23,	'photo',	'',	'',	'',	''),
(24,	'update_profile',	'',	'',	'',	''),
(25,	'current_password',	'',	'',	'',	''),
(26,	'new_password',	'',	'',	'',	''),
(27,	'confirm_new_password',	'',	'',	'',	''),
(28,	'display_settings',	'',	'',	'',	''),
(29,	'general_settings',	'',	'',	'',	''),
(30,	'sms_settings',	'',	'',	'',	''),
(31,	'language_settings',	'',	'',	'',	''),
(32,	'previledges',	'',	'',	'',	''),
(33,	'accounts_setup',	'',	'',	'',	''),
(34,	'settings',	'',	'',	'',	''),
(35,	'manage_language',	'',	'',	'',	''),
(36,	'messages',	'',	'',	'',	''),
(37,	'new_message',	'',	'',	'',	''),
(38,	'setup',	'',	'',	'',	''),
(39,	'countries',	'',	'',	'',	''),
(40,	'roles',	'',	'',	'',	''),
(41,	'departments',	'',	'',	'',	''),
(42,	'teams',	'',	'',	'',	''),
(43,	'profiles',	'',	'',	'',	''),
(44,	'add_country',	'',	'',	'',	''),
(45,	'surveys',	'',	'',	'',	''),
(46,	'manage_surveys',	'',	'',	'',	''),
(47,	'nominate',	'',	'',	'',	''),
(48,	'survey_results',	'',	'',	'',	''),
(49,	'name',	'',	'',	'',	''),
(50,	'staff_count',	'',	'',	'',	''),
(51,	'manager_count',	'',	'',	'',	''),
(52,	'action',	'',	'',	'',	''),
(53,	'country',	'',	'',	'',	''),
(54,	'save',	'',	'',	'',	''),
(55,	'success',	'',	'',	'',	''),
(56,	'failed',	'',	'',	'',	''),
(57,	'edit',	'',	'',	'',	''),
(58,	'edit_country',	'',	'',	'',	''),
(59,	'message',	'',	'',	'',	''),
(60,	'add_department',	'',	'',	'',	''),
(61,	'department',	'',	'',	'',	''),
(62,	'edit_department',	'',	'',	'',	''),
(63,	'add_team',	'',	'',	'',	''),
(64,	'description',	'',	'',	'',	''),
(65,	'team',	'',	'',	'',	''),
(66,	'select',	'',	'',	'',	''),
(67,	'team_title',	'',	'',	'',	''),
(68,	'add_role',	'',	'',	'',	''),
(69,	'contribution',	'',	'',	'',	''),
(70,	'role',	'',	'',	'',	''),
(71,	'role_title',	'',	'',	'',	''),
(72,	'staff',	'',	'',	'',	''),
(73,	'manager',	'',	'',	'',	''),
(74,	'add_profile',	'',	'',	'',	''),
(75,	'profile_name',	'',	'',	'',	''),
(76,	'profile_title',	'',	'',	'',	''),
(77,	'assignment',	'',	'',	'',	''),
(78,	'assign_privileges',	'',	'',	'',	''),
(79,	'assign_previledges',	'',	'',	'',	''),
(80,	'add_user',	'',	'',	'',	''),
(81,	'delete_user',	'',	'',	'',	''),
(82,	'update_user',	'',	'',	'',	''),
(83,	'translate_language',	'',	'',	'',	''),
(84,	'manage_settings',	'',	'',	'',	''),
(85,	'system_settings',	'',	'',	'',	''),
(86,	'Are_you_sure_you_want_to_perform_this_action?',	'',	'',	'',	''),
(87,	'process_aborted',	'',	'',	'',	''),
(88,	'please_wait_until_you_receive_confirmation',	'',	'',	'',	''),
(89,	'edit_role',	'',	'',	'',	''),
(90,	'title',	'',	'',	'',	''),
(91,	'manage_users',	'',	'',	'',	''),
(92,	'cash_journal',	'',	'',	'',	''),
(93,	'budget',	'',	'',	'',	''),
(94,	'budget_limits',	'',	'',	'',	''),
(95,	'budget_summary',	'',	'',	'',	''),
(96,	'budget_schedules',	'',	'',	'',	''),
(97,	'complete_budget',	'',	'',	'',	''),
(98,	'C.I.Vs',	'',	'',	'',	''),
(99,	'accounts_chart',	'',	'',	'',	''),
(100,	'manage_setup_parameters',	'',	'',	'',	''),
(101,	'setup_countries',	'',	'',	'',	''),
(102,	'setup_departments',	'',	'',	'',	''),
(103,	'setup_teams',	'',	'',	'',	''),
(104,	'setup_roles',	'',	'',	'',	''),
(105,	'setup_profiles',	'',	'',	'',	''),
(106,	'manage_accounts',	'',	'',	'',	''),
(107,	'first_name',	'',	'',	'',	''),
(108,	'last_name',	'',	'',	'',	''),
(109,	'status',	'',	'',	'',	''),
(110,	'suspend',	'',	'',	'',	''),
(111,	'active',	'',	'',	'',	''),
(112,	'self_assign_privilege',	'',	'',	'',	''),
(113,	'system_name',	'',	'',	'',	''),
(114,	'system_title',	'',	'',	'',	''),
(115,	'address',	'',	'',	'',	''),
(116,	'phone',	'',	'',	'',	''),
(117,	'paypal_email',	'',	'',	'',	''),
(118,	'currency',	'',	'',	'',	''),
(119,	'system_email',	'',	'',	'',	''),
(120,	'text_align',	'',	'',	'',	''),
(121,	'update_product',	'',	'',	'',	''),
(122,	'file',	'',	'',	'',	''),
(123,	'install_update',	'',	'',	'',	''),
(124,	'theme_settings',	'',	'',	'',	''),
(125,	'default',	'',	'',	'',	''),
(126,	'select_theme',	'',	'',	'',	''),
(127,	'select_a_theme_to_make_changes',	'',	'',	'',	''),
(128,	'upload_logo',	'',	'',	'',	''),
(129,	'upload',	'',	'',	'',	''),
(130,	'profile',	'',	'',	'',	''),
(131,	'select_a_service',	'',	'',	'',	''),
(132,	'not_selected',	'',	'',	'',	''),
(133,	'disabled',	'',	'',	'',	''),
(134,	'clickatell_username',	'',	'',	'',	''),
(135,	'clickatell_password',	'',	'',	'',	''),
(136,	'clickatell_api_id',	'',	'',	'',	''),
(137,	'twilio_account',	'',	'',	'',	''),
(138,	'authentication_token',	'',	'',	'',	''),
(139,	'registered_phone_number',	'',	'',	'',	''),
(140,	'language_list',	'',	'',	'',	''),
(141,	'add_phrase',	'',	'',	'',	''),
(142,	'add_language',	'',	'',	'',	''),
(143,	'option',	'',	'',	'',	''),
(144,	'edit_phrase',	'',	'',	'',	''),
(145,	'delete_language',	'',	'',	'',	''),
(146,	'phrase',	'',	'',	'',	''),
(147,	'value_required',	'',	'',	'',	''),
(148,	'update_phrase',	'',	'',	'',	''),
(149,	'theme_selected',	'',	'',	'',	''),
(150,	'private_messaging',	'',	'',	'',	NULL),
(151,	'write_new_message',	'',	'',	'',	NULL),
(152,	'recipient',	'',	'',	'',	NULL),
(153,	'select_a_user',	'',	'',	'',	NULL),
(154,	'student',	'',	'',	'',	NULL),
(155,	'gender',	'',	'',	'',	NULL),
(156,	'male',	'',	'',	'',	NULL),
(157,	'female',	'',	'',	'',	NULL),
(158,	'254711808075',	'',	'',	'',	NULL),
(159,	'user_created_successfully',	'',	'',	'',	NULL),
(160,	'change_scope',	'',	'',	'',	NULL),
(161,	'edit_user',	'',	'',	'',	NULL),
(162,	'user_deleted',	'',	'',	'',	NULL),
(163,	'suspended',	'',	'',	'',	NULL),
(164,	'view',	'',	'',	'',	NULL),
(165,	'Kenya',	'',	'',	'',	NULL),
(166,	'Uganda',	'',	'',	'',	NULL),
(167,	'Rwanda',	'',	'',	'',	NULL),
(168,	'Tanzania',	'',	'',	'',	NULL),
(169,	'Togo',	'',	'',	'',	NULL),
(170,	'Ethiopia',	'',	'',	'',	NULL),
(171,	'Ghana',	'',	'',	'',	NULL),
(172,	'Burkina Faso',	'',	'',	'',	NULL),
(173,	'scope',	'',	'',	'',	NULL),
(174,	'one_way',	'',	'',	'',	NULL),
(175,	'strict',	'',	'',	'',	NULL),
(176,	'no',	'',	'',	'',	NULL),
(177,	'yes',	'',	'',	'',	NULL),
(178,	'two_way',	'',	'',	'',	NULL),
(179,	'full_name',	'',	'',	'',	NULL),
(180,	'suspend_user',	'',	'',	'',	NULL),
(181,	'type',	'',	'',	'',	NULL),
(182,	'voting',	'',	'',	'',	NULL),
(183,	'administration',	'',	'',	'',	NULL),
(184,	'both',	'',	'',	'',	NULL),
(185,	'category_groups',	'',	'',	'',	NULL),
(186,	'categories',	'',	'',	'',	NULL),
(187,	'survey_setting',	'',	'',	'',	NULL),
(188,	'mail_templates',	'',	'',	'',	NULL),
(189,	'grouping',	'',	'',	'',	NULL),
(190,	'add_grouping',	'',	'',	'',	NULL),
(191,	'inactive',	'',	'',	'',	NULL),
(192,	'edit_grouping',	'',	'',	'',	NULL),
(193,	'self_update',	'',	'',	'',	NULL),
(194,	'manage_grouping',	'',	'',	'',	NULL),
(195,	'delete_grouping',	'',	'',	'',	NULL),
(196,	'category_group',	'',	'',	'',	NULL),
(197,	'created_by',	'',	'',	'',	NULL),
(198,	'created_date',	'',	'',	'',	NULL),
(199,	'last_modified',	'',	'',	'',	NULL),
(200,	'last_modified_by',	'',	'',	'',	NULL),
(201,	'add_categories',	'',	'',	'',	NULL),
(202,	'visibility',	'',	'',	'',	NULL),
(203,	'user_type_assignment',	'',	'',	'',	NULL),
(204,	'peer',	'',	'',	'',	NULL),
(205,	'country_visibility',	'',	'',	'',	NULL),
(206,	'all_countries',	'',	'',	'',	NULL),
(207,	'category',	'',	'',	'',	NULL),
(208,	'manage_category',	'',	'',	'',	NULL),
(209,	'add_category',	'',	'',	'',	NULL),
(210,	'edit_category',	'',	'',	'',	NULL),
(211,	'delete_category',	'',	'',	'',	NULL),
(212,	'category_grouping',	'',	'',	'',	NULL),
(213,	'survey',	'',	'',	'',	NULL),
(214,	'assigned_user_type',	'',	'',	'',	NULL),
(215,	'user',	'',	'',	'',	NULL),
(216,	'nominate_unit',	'',	'',	'',	NULL),
(217,	'submit',	'',	'',	'',	NULL),
(218,	'unit',	'',	'',	'',	NULL),
(219,	'your_voting_privileges',	'',	'',	'',	NULL),
(220,	'position',	'',	'',	'',	NULL),
(221,	'your_country',	'',	'',	'',	NULL),
(222,	'All',	'',	'',	'',	NULL),
(223,	'start_voting',	'',	'',	'',	NULL),
(226,	'there_is_no_active_survey',	'',	'',	'',	NULL),
(225,	'you_have_already_participated_in_voting',	'',	'',	'',	NULL),
(227,	'nominate_team',	'',	'',	'',	NULL),
(228,	'nominate_user',	'',	'',	'',	NULL),
(229,	'nominate_country',	'',	'',	'',	NULL),
(230,	'nominate_department',	'',	'',	'',	NULL),
(231,	'nominate_',	'',	'',	'',	NULL),
(232,	'survey_settings',	'',	'',	'',	NULL),
(233,	'add_survey',	'',	'',	'',	NULL),
(234,	'edit_survey',	'',	'',	'',	NULL),
(235,	'delete_survey',	'',	'',	'',	NULL),
(236,	'results',	'',	'',	'',	NULL),
(237,	'voting_staff',	'',	'',	'',	NULL),
(238,	'vote_status',	'',	'',	'',	NULL),
(239,	'voting_start_date',	'',	'',	'',	NULL),
(240,	'voting_end_date',	'',	'',	'',	NULL),
(241,	'nomination_type',	'',	'',	'',	NULL),
(242,	'voting_unit',	'',	'',	'',	NULL),
(243,	'nominee',	'',	'',	'',	NULL),
(244,	'staff_number',	'',	'',	'',	NULL),
(245,	'completed',	'',	'',	'',	NULL),
(246,	'in_progress',	'',	'',	'',	NULL),
(247,	'no_data_found',	'',	'',	'',	NULL),
(250,	'employee_numner',	'',	'',	'',	NULL),
(249,	'employee_number',	'',	'',	'',	NULL),
(251,	'delete_country',	'',	'',	'',	NULL),
(252,	'add_departments',	'',	'',	'',	NULL),
(253,	'edit_departments',	'',	'',	'',	NULL),
(254,	'delete_departments',	'',	'',	'',	NULL),
(255,	'delete_department',	'',	'',	'',	NULL),
(256,	'edit_team',	'',	'',	'',	NULL),
(257,	'delete_team',	'',	'',	'',	NULL),
(258,	'delete_role',	'',	'',	'',	NULL),
(259,	'comment_here',	'',	'',	'',	NULL),
(260,	'comment',	'',	'',	'',	NULL),
(261,	'you_have_missing_fields',	'',	'',	'',	NULL),
(262,	'submit_successful',	'',	'',	'',	NULL),
(263,	'edit_entitlement',	'',	'',	'',	NULL),
(264,	'votes',	'',	'',	'',	NULL),
(265,	'survey_start_date',	'',	'',	'',	NULL),
(266,	'voter_last_name',	'',	'',	'',	NULL),
(267,	'add_vote',	'',	'',	'',	NULL),
(268,	'edit_vote',	'',	'',	'',	NULL),
(269,	'delete_vote',	'',	'',	'',	NULL),
(270,	'start_date',	'',	'',	'',	NULL),
(271,	'voter_staff_number',	'',	'',	'',	NULL),
(272,	'privileges',	'',	'',	'',	NULL),
(273,	'AFR_staff_recognition_system',	'',	'',	'',	NULL),
(274,	'templates',	'',	'',	'',	NULL),
(275,	'active_survey',	'',	'',	'',	NULL),
(276,	'so_far_in_our_application',	'',	'',	'',	NULL),
(277,	'active_users',	'',	'',	'',	NULL),
(278,	'so_far_to_close_voting',	'',	'',	'',	NULL),
(279,	'not_set',	'',	'',	'',	NULL),
(280,	'change_status',	'',	'',	'',	NULL),
(281,	'no_viable_option',	'',	'',	'',	NULL),
(282,	're_do_nomination',	'',	'',	'',	NULL),
(283,	'teams_not_set_for_the_country',	'',	'',	'',	NULL);

DROP TABLE IF EXISTS `message`;
CREATE TABLE `message` (
  `message_id` int(11) NOT NULL AUTO_INCREMENT,
  `message_thread_code` longtext NOT NULL,
  `message` longtext NOT NULL,
  `sender` longtext NOT NULL,
  `timestamp` longtext NOT NULL,
  `read_status` int(11) NOT NULL DEFAULT '0' COMMENT '0 unread 1 read',
  PRIMARY KEY (`message_id`)
) ENGINE=MyISAM DEFAULT CHARSET=latin1;


DROP TABLE IF EXISTS `message_thread`;
CREATE TABLE `message_thread` (
  `message_thread_id` int(11) NOT NULL AUTO_INCREMENT,
  `message_thread_code` longtext COLLATE utf8_unicode_ci NOT NULL,
  `sender` longtext COLLATE utf8_unicode_ci NOT NULL,
  `reciever` longtext COLLATE utf8_unicode_ci NOT NULL,
  `last_message_timestamp` longtext COLLATE utf8_unicode_ci NOT NULL,
  PRIMARY KEY (`message_thread_id`)
) ENGINE=InnoDB DEFAULT CHARSET=utf8 COLLATE=utf8_unicode_ci;


DROP TABLE IF EXISTS `noticeboard`;
CREATE TABLE `noticeboard` (
  `notice_id` int(11) NOT NULL AUTO_INCREMENT,
  `notice_title` longtext COLLATE utf8_unicode_ci NOT NULL,
  `notice` longtext COLLATE utf8_unicode_ci NOT NULL,
  `create_timestamp` int(11) NOT NULL,
  PRIMARY KEY (`notice_id`)
) ENGINE=MyISAM DEFAULT CHARSET=utf8 COLLATE=utf8_unicode_ci;


DROP TABLE IF EXISTS `profile`;
CREATE TABLE `profile` (
  `profile_id` int(100) NOT NULL AUTO_INCREMENT,
  `name` varchar(100) NOT NULL,
  `description` longtext NOT NULL,
  PRIMARY KEY (`profile_id`)
) ENGINE=InnoDB DEFAULT CHARSET=latin1;

INSERT INTO `profile` (`profile_id`, `name`, `description`) VALUES
(2,	'Country Admin',	''),
(3,	'Manager',	''),
(4,	'Staff',	''),
(7,	'Super Admin',	'<p>\r\n	Has all privileges</p>\r\n'),
(8,	'HRBP',	'<p>\r\n	Human Resource Staff</p>\r\n');

DROP TABLE IF EXISTS `result`;
CREATE TABLE `result` (
  `result_id` int(100) NOT NULL AUTO_INCREMENT,
  `survey_id` int(100) NOT NULL,
  `user_id` int(100) NOT NULL,
  `status` tinyint(4) NOT NULL COMMENT '0-not submitted,1-submitted',
  `created_date` datetime NOT NULL,
  `created_by` int(100) NOT NULL,
  `last_modified_by` int(100) NOT NULL,
  `last_modified_date` timestamp NOT NULL DEFAULT CURRENT_TIMESTAMP ON UPDATE CURRENT_TIMESTAMP,
  PRIMARY KEY (`result_id`)
) ENGINE=InnoDB DEFAULT CHARSET=latin1;

INSERT INTO `result` (`result_id`, `survey_id`, `user_id`, `status`, `created_date`, `created_by`, `last_modified_by`, `last_modified_date`) VALUES
(1,	1,	1,	1,	'2018-06-04 11:52:52',	1,	1,	'2018-06-06 09:02:51'),
(3,	1,	4,	1,	'2018-06-06 03:11:19',	4,	4,	'2018-06-07 07:39:33'),
(4,	1,	9,	0,	'2018-06-07 01:25:05',	9,	9,	'2018-06-07 07:25:05'),
(5,	1,	2,	0,	'2018-06-07 01:56:58',	2,	2,	'2018-06-07 07:56:58'),
(6,	1,	3,	0,	'2018-06-07 02:01:20',	3,	3,	'2018-06-07 08:01:20'),
(7,	1,	390,	0,	'2018-06-13 11:02:55',	390,	390,	'2018-06-13 17:02:55'),
(9,	1,	297,	1,	'2018-06-13 11:38:06',	297,	297,	'2018-06-14 06:16:50'),
(10,	1,	367,	1,	'2018-06-14 05:43:16',	367,	367,	'2018-06-14 11:54:10'),
(11,	1,	269,	1,	'2018-06-14 05:43:17',	269,	269,	'2018-06-14 12:41:08'),
(12,	1,	49,	0,	'2018-06-21 10:55:12',	49,	49,	'2018-06-22 04:55:12'),
(13,	1,	15,	0,	'2018-06-22 12:47:12',	15,	15,	'2018-06-22 06:47:12'),
(14,	1,	10,	0,	'2018-06-22 01:02:14',	10,	10,	'2018-06-22 07:02:14');

DROP TABLE IF EXISTS `role`;
CREATE TABLE `role` (
  `role_id` int(50) NOT NULL AUTO_INCREMENT,
  `name` varchar(50) NOT NULL,
  `contribution` tinyint(4) NOT NULL,
  `department_id` int(100) NOT NULL,
  `created_date` datetime NOT NULL,
  `created_by` int(100) NOT NULL,
  `last_modified_by` int(100) NOT NULL,
  `last_modified_date` timestamp NOT NULL DEFAULT CURRENT_TIMESTAMP ON UPDATE CURRENT_TIMESTAMP,
  PRIMARY KEY (`role_id`)
) ENGINE=InnoDB DEFAULT CHARSET=latin1;

INSERT INTO `role` (`role_id`, `name`, `contribution`, `department_id`, `created_date`, `created_by`, `last_modified_by`, `last_modified_date`) VALUES
(1,	'Accountant',	1,	1,	'0000-00-00 00:00:00',	0,	0,	'2018-06-13 08:03:20'),
(2,	'Admin Assistant',	1,	2,	'0000-00-00 00:00:00',	0,	0,	'2018-06-13 08:03:20'),
(3,	'App Support Spec',	1,	3,	'0000-00-00 00:00:00',	0,	0,	'2018-06-13 08:03:20'),
(4,	'Assistant General Counsel',	1,	4,	'0000-00-00 00:00:00',	0,	0,	'2018-06-13 08:03:20'),
(5,	'Auditor',	1,	4,	'0000-00-00 00:00:00',	0,	0,	'2018-06-13 08:03:20'),
(6,	'Bus Analyst',	1,	2,	'0000-00-00 00:00:00',	0,	0,	'2018-06-13 08:03:20'),
(7,	'Child Protection Spec',	1,	5,	'0000-00-00 00:00:00',	0,	0,	'2018-06-13 08:03:20'),
(8,	'Developer',	1,	3,	'0000-00-00 00:00:00',	0,	0,	'2018-06-13 08:03:20'),
(9,	'Dir Finance',	2,	1,	'0000-00-00 00:00:00',	0,	0,	'2018-06-13 08:03:20'),
(10,	'Dir HR',	2,	6,	'0000-00-00 00:00:00',	0,	0,	'2018-06-13 08:03:20'),
(11,	'Dir IT Support',	2,	3,	'0000-00-00 00:00:00',	0,	0,	'2018-06-13 08:03:20'),
(12,	'Dir Prgm Support',	2,	5,	'0000-00-00 00:00:00',	0,	0,	'2018-06-13 08:03:20'),
(13,	'Driver',	1,	2,	'0000-00-00 00:00:00',	0,	0,	'2018-06-13 08:03:20'),
(14,	'Facilities Tech',	1,	2,	'0000-00-00 00:00:00',	0,	0,	'2018-06-13 08:03:20'),
(15,	'Hospitality Assoc',	1,	2,	'0000-00-00 00:00:00',	0,	0,	'2018-06-13 08:03:20'),
(16,	'HRBP',	1,	6,	'0000-00-00 00:00:00',	0,	0,	'2018-06-13 08:03:20'),
(17,	'IT Support Spec',	1,	3,	'0000-00-00 00:00:00',	0,	0,	'2018-06-13 08:03:20'),
(18,	'Learning & Dev Spec',	1,	5,	'0000-00-00 00:00:00',	0,	0,	'2018-06-13 08:03:20'),
(19,	'Mgr Audit',	2,	4,	'0000-00-00 00:00:00',	0,	0,	'2018-06-13 08:03:20'),
(20,	'Mgr IT Support',	2,	3,	'0000-00-00 00:00:00',	0,	0,	'2018-06-13 08:03:20'),
(21,	'Mgr Learning & Dev',	2,	5,	'0000-00-00 00:00:00',	0,	0,	'2018-06-13 08:03:20'),
(22,	'Mgr Media Content',	2,	7,	'0000-00-00 00:00:00',	0,	0,	'2018-06-13 08:03:20'),
(23,	'Mgr Partnership',	2,	8,	'0000-00-00 00:00:00',	0,	0,	'2018-06-13 08:03:20'),
(24,	'Mgr Prgm Support',	2,	5,	'0000-00-00 00:00:00',	0,	0,	'2018-06-13 08:03:20'),
(25,	'Mgr Prgm Training',	2,	5,	'0000-00-00 00:00:00',	0,	0,	'2018-06-13 08:03:20'),
(26,	'Mgr Supporter Engagmt',	2,	7,	'0000-00-00 00:00:00',	0,	0,	'2018-06-13 08:03:20'),
(27,	'Monitoring & Eval Spec',	1,	5,	'0000-00-00 00:00:00',	0,	0,	'2018-06-13 08:03:20'),
(28,	'National Dir',	2,	5,	'0000-00-00 00:00:00',	0,	0,	'2018-06-13 08:03:20'),
(29,	'Partnership Facilitat',	1,	8,	'0000-00-00 00:00:00',	0,	0,	'2018-06-13 08:03:20'),
(30,	'Partnership Prep Spec',	1,	8,	'0000-00-00 00:00:00',	0,	0,	'2018-06-13 08:03:20'),
(31,	'Photojournalist',	1,	7,	'0000-00-00 00:00:00',	0,	0,	'2018-06-13 08:03:20'),
(32,	'Prgm Support Spec',	1,	5,	'0000-00-00 00:00:00',	0,	0,	'2018-06-13 08:03:20'),
(33,	'Prgm Trainer',	1,	5,	'0000-00-00 00:00:00',	0,	0,	'2018-06-13 08:03:20'),
(34,	'Prog Eff Resrch Spec',	1,	5,	'0000-00-00 00:00:00',	0,	0,	'2018-06-13 08:03:20'),
(35,	'Public Relations Spec',	1,	2,	'0000-00-00 00:00:00',	0,	0,	'2018-06-13 08:03:20'),
(36,	'Receptionist',	1,	2,	'0000-00-00 00:00:00',	0,	0,	'2018-06-13 08:03:20'),
(37,	'SDS Assoc',	1,	7,	'0000-00-00 00:00:00',	0,	0,	'2018-06-13 08:03:20'),
(38,	'Sr Accountant',	1,	1,	'0000-00-00 00:00:00',	0,	0,	'2018-06-13 08:03:20'),
(39,	'Sr Accounting Assoc',	1,	1,	'0000-00-00 00:00:00',	0,	0,	'2018-06-13 08:03:20'),
(40,	'Sr Admin Assistant',	1,	2,	'0000-00-00 00:00:00',	0,	0,	'2018-06-13 08:03:20'),
(41,	'Sr Dir Regional Prgm',	2,	5,	'0000-00-00 00:00:00',	0,	0,	'2018-06-13 08:03:20'),
(42,	'Sr HRBP',	1,	6,	'0000-00-00 00:00:00',	0,	0,	'2018-06-13 08:03:20'),
(43,	'Sr IT Support Spec',	1,	3,	'0000-00-00 00:00:00',	0,	0,	'2018-06-13 08:03:20'),
(44,	'Sr Leadership Dev Spec',	1,	5,	'0000-00-00 00:00:00',	0,	0,	'2018-06-13 08:03:20'),
(45,	'Sr Mgr Accounting',	2,	1,	'0000-00-00 00:00:00',	0,	0,	'2018-06-13 08:03:20'),
(46,	'Sr Mgr Bus Support',	2,	2,	'0000-00-00 00:00:00',	0,	0,	'2018-06-13 08:03:20'),
(47,	'Sr Mgr Partnership',	2,	8,	'0000-00-00 00:00:00',	0,	0,	'2018-06-13 08:03:20'),
(48,	'Sr Mgr Prgm Support',	2,	5,	'0000-00-00 00:00:00',	0,	0,	'2018-06-13 08:03:20'),
(49,	'Sr Partnership Facilitat',	1,	8,	'0000-00-00 00:00:00',	0,	0,	'2018-06-13 08:03:20'),
(50,	'Sr Prgm Support Spec',	1,	5,	'0000-00-00 00:00:00',	0,	0,	'2018-06-13 08:03:20'),
(51,	'Sr SDS Assoc',	1,	7,	'0000-00-00 00:00:00',	0,	0,	'2018-06-13 08:03:20'),
(52,	'Sr Tours & Visits Spec',	1,	7,	'0000-00-00 00:00:00',	0,	0,	'2018-06-13 08:03:20'),
(53,	'Supv Audit',	2,	4,	'0000-00-00 00:00:00',	0,	0,	'2018-06-13 08:03:20'),
(54,	'Supv Bus Support',	2,	2,	'0000-00-00 00:00:00',	0,	0,	'2018-06-13 08:03:20'),
(55,	'Supv SDS',	2,	7,	'0000-00-00 00:00:00',	0,	0,	'2018-06-13 08:03:20'),
(56,	'Systems Admin',	1,	3,	'0000-00-00 00:00:00',	0,	0,	'2018-06-13 08:03:20'),
(57,	'Tours & Visits Spec',	1,	7,	'0000-00-00 00:00:00',	0,	0,	'2018-06-13 08:03:20');

DROP TABLE IF EXISTS `scope`;
CREATE TABLE `scope` (
  `scope_id` int(100) NOT NULL AUTO_INCREMENT,
  `user_id` int(11) NOT NULL,
  `two_way` tinyint(4) NOT NULL COMMENT '1=yes (Can nominate and be nominated by other FOs),0=no (User can only nominate other FOs)',
  `strict` tinyint(4) NOT NULL DEFAULT '0' COMMENT '0=all departments,1=only user department',
  `type` varchar(10) NOT NULL COMMENT 'admin,vote,both',
  PRIMARY KEY (`scope_id`)
) ENGINE=InnoDB DEFAULT CHARSET=latin1;

INSERT INTO `scope` (`scope_id`, `user_id`, `two_way`, `strict`, `type`) VALUES
(7,	390,	1,	0,	'vote');

DROP TABLE IF EXISTS `scope_country`;
CREATE TABLE `scope_country` (
  `scope_country_id` int(100) NOT NULL AUTO_INCREMENT,
  `scope_id` tinyint(4) NOT NULL,
  `country_id` tinyint(4) NOT NULL,
  PRIMARY KEY (`scope_country_id`)
) ENGINE=InnoDB DEFAULT CHARSET=latin1;

INSERT INTO `scope_country` (`scope_country_id`, `scope_id`, `country_id`) VALUES
(141,	7,	27),
(142,	7,	28);

DROP TABLE IF EXISTS `settings`;
CREATE TABLE `settings` (
  `settings_id` int(11) NOT NULL AUTO_INCREMENT,
  `type` longtext CHARACTER SET utf8 COLLATE utf8_unicode_ci NOT NULL,
  `description` longtext CHARACTER SET utf8 COLLATE utf8_unicode_ci NOT NULL,
  PRIMARY KEY (`settings_id`)
) ENGINE=MyISAM DEFAULT CHARSET=latin1;

INSERT INTO `settings` (`settings_id`, `type`, `description`) VALUES
(1,	'system_name',	'Staff Recognition System'),
(2,	'system_title',	'Staff Recognition'),
(3,	'address',	'1945 Nairobi'),
(4,	'phone',	'254711808071'),
(7,	'system_email',	'NKarisa@ke.ci.org'),
(8,	'active_sms_service',	'disabled'),
(9,	'language',	'english'),
(10,	'text_align',	'left-to-right'),
(11,	'clickatell_user',	''),
(12,	'clickatell_password',	''),
(13,	'clickatell_api_id',	''),
(14,	'skin_colour',	'default'),
(15,	'twilio_account_sid',	''),
(16,	'twilio_auth_token',	''),
(17,	'twilio_sender_phone_number',	'');

DROP TABLE IF EXISTS `survey`;
CREATE TABLE `survey` (
  `survey_id` int(100) NOT NULL AUTO_INCREMENT,
  `start_date` datetime NOT NULL,
  `end_date` datetime NOT NULL,
  `country_id` int(100) NOT NULL DEFAULT '1',
  `allow_user_edit` tinyint(4) NOT NULL DEFAULT '0' COMMENT '0=no,1=yes',
  `action_on_active_votes` tinyint(4) NOT NULL DEFAULT '1' COMMENT '1=force_delete,2=force_submit	',
  `status` tinyint(4) NOT NULL,
  `created_by` int(100) NOT NULL,
  `created_date` date NOT NULL,
  `last_modified_by` int(100) NOT NULL,
  `last_modified_date` timestamp NOT NULL DEFAULT CURRENT_TIMESTAMP ON UPDATE CURRENT_TIMESTAMP,
  PRIMARY KEY (`survey_id`)
) ENGINE=InnoDB DEFAULT CHARSET=latin1;

INSERT INTO `survey` (`survey_id`, `start_date`, `end_date`, `country_id`, `allow_user_edit`, `action_on_active_votes`, `status`, `created_by`, `created_date`, `last_modified_by`, `last_modified_date`) VALUES
(1,	'2018-04-06 00:00:00',	'2020-05-06 00:00:00',	1,	1,	1,	1,	0,	'0000-00-00',	1,	'2018-06-22 04:55:03');

DROP TABLE IF EXISTS `tabulate`;
CREATE TABLE `tabulate` (
  `tabulate_id` int(11) NOT NULL AUTO_INCREMENT,
  `result_id` int(100) NOT NULL,
  `category_id` int(100) NOT NULL,
  `nominated_unit` tinyint(4) NOT NULL,
  `nominee_id` int(100) NOT NULL,
  `comment` longtext NOT NULL,
  `created_date` datetime NOT NULL,
  `created_by` int(100) NOT NULL,
  `last_modified_by` int(100) NOT NULL,
  `last_modified_date` timestamp NOT NULL DEFAULT CURRENT_TIMESTAMP ON UPDATE CURRENT_TIMESTAMP,
  PRIMARY KEY (`tabulate_id`)
) ENGINE=InnoDB DEFAULT CHARSET=latin1;

INSERT INTO `tabulate` (`tabulate_id`, `result_id`, `category_id`, `nominated_unit`, `nominee_id`, `comment`, `created_date`, `created_by`, `last_modified_by`, `last_modified_date`) VALUES
(1,	1,	1,	4,	10,	'Well done',	'2018-06-06 03:02:33',	1,	1,	'2018-06-06 09:02:41'),
(2,	1,	2,	4,	2,	'Well done',	'2018-06-06 03:00:56',	1,	1,	'2018-06-06 09:02:44'),
(3,	1,	3,	4,	11,	'Well done',	'2018-06-06 03:00:57',	1,	1,	'2018-06-06 09:02:46'),
(4,	1,	6,	4,	8,	'Well done',	'2018-06-06 03:01:00',	1,	1,	'2018-06-06 09:02:49'),
(5,	3,	1,	4,	1,	'Well done',	'2018-06-07 01:38:53',	4,	4,	'2018-06-07 07:39:02'),
(6,	3,	2,	4,	13,	'Well done',	'2018-06-07 01:38:54',	4,	4,	'2018-06-07 07:39:05'),
(7,	3,	3,	4,	1,	'Well done',	'2018-06-07 01:38:56',	4,	4,	'2018-06-07 07:39:08'),
(8,	3,	6,	4,	1,	'Well done',	'2018-06-07 01:38:58',	4,	4,	'2018-06-07 07:39:33'),
(9,	7,	1,	4,	0,	'Well done',	'2018-06-13 01:55:13',	390,	390,	'2018-06-13 19:55:13'),
(10,	7,	3,	4,	369,	'',	'2018-06-13 01:55:17',	390,	390,	'2018-06-13 19:55:17'),
(11,	10,	1,	4,	0,	'Well done',	'2018-06-14 05:51:47',	367,	367,	'2018-06-14 11:53:22'),
(12,	10,	3,	4,	383,	'Well done',	'2018-06-14 05:52:07',	367,	367,	'2018-06-14 11:53:24'),
(13,	10,	2,	4,	3,	'Well done',	'2018-06-14 05:52:08',	367,	367,	'2018-06-14 11:53:23'),
(14,	10,	6,	4,	304,	'Well done',	'2018-06-14 05:52:12',	367,	367,	'2018-06-14 11:53:24'),
(15,	10,	4,	4,	371,	'Well done',	'2018-06-14 05:52:41',	367,	367,	'2018-06-14 11:53:25'),
(16,	10,	5,	4,	376,	'Well done',	'2018-06-14 05:52:42',	367,	367,	'2018-06-14 11:53:26'),
(17,	10,	7,	4,	376,	'Well done',	'2018-06-14 05:52:44',	367,	367,	'2018-06-14 11:53:27'),
(18,	11,	1,	4,	283,	'A',	'2018-06-14 06:08:39',	269,	269,	'2018-06-14 12:08:39'),
(19,	11,	2,	4,	259,	'B',	'2018-06-14 05:54:49',	269,	269,	'2018-06-14 11:55:58'),
(20,	11,	3,	4,	275,	'C',	'2018-06-14 06:07:37',	269,	269,	'2018-06-14 12:07:37'),
(21,	11,	6,	4,	0,	'D',	'2018-06-14 05:55:25',	269,	269,	'2018-06-14 11:56:05'),
(22,	11,	4,	4,	0,	'n',	'2018-06-14 05:55:32',	269,	269,	'2018-06-14 11:55:43'),
(23,	11,	5,	4,	0,	'm',	'2018-06-14 05:55:37',	269,	269,	'2018-06-14 11:55:45'),
(24,	11,	7,	4,	0,	's',	'2018-06-14 05:55:40',	269,	269,	'2018-06-14 11:55:48'),
(25,	11,	9,	3,	3,	'GREAT JOB',	'2018-06-14 06:40:57',	269,	269,	'2018-06-14 12:41:07');

DROP TABLE IF EXISTS `team`;
CREATE TABLE `team` (
  `team_id` int(100) NOT NULL AUTO_INCREMENT,
  `name` varchar(100) NOT NULL,
  `country_id` int(100) NOT NULL,
  `description` longtext NOT NULL,
  PRIMARY KEY (`team_id`)
) ENGINE=InnoDB DEFAULT CHARSET=latin1;

INSERT INTO `team` (`team_id`, `name`, `country_id`, `description`) VALUES
(1,	'Devotion Committee',	25,	'<p>\r\n	Devotion Team</p>\r\n'),
(2,	'POYA',	25,	'<p>\r\n	POYA</p>\r\n'),
(3,	'Talents',	27,	'<p>\r\n	Sports</p>\r\n'),
(4,	'Devotion Committee',	28,	'<p>\r\n	Devotion Committee</p>\r\n');

DROP TABLE IF EXISTS `teamset`;
CREATE TABLE `teamset` (
  `teamset_id` int(100) NOT NULL AUTO_INCREMENT,
  `user_id` int(50) NOT NULL,
  `team_id` int(50) NOT NULL,
  PRIMARY KEY (`teamset_id`)
) ENGINE=InnoDB DEFAULT CHARSET=latin1;

INSERT INTO `teamset` (`teamset_id`, `user_id`, `team_id`) VALUES
(1,	390,	2),
(2,	390,	1);

DROP TABLE IF EXISTS `template`;
CREATE TABLE `template` (
  `template_id` int(100) NOT NULL AUTO_INCREMENT,
  `name` varchar(100) NOT NULL,
  `template_trigger` varchar(50) NOT NULL,
  `mail_tags` mediumtext NOT NULL,
  `template_subject` varchar(100) NOT NULL,
  `template_body` longtext NOT NULL,
  PRIMARY KEY (`template_id`)
) ENGINE=InnoDB DEFAULT CHARSET=latin1;

INSERT INTO `template` (`template_id`, `name`, `template_trigger`, `mail_tags`, `template_subject`, `template_body`) VALUES
(1,	'User Registration',	'user_invite',	'{user} = User\'s First and Last Name,\r\n{system_name} = System Name,\r\n{user_email} = User\'s Email,\r\n{user_password} = User\'s Password,\r\n{user_role} = User\'s role,\r\n{user_profile} = User\'s Profile,\r\n{site_url} = Site URL,\r\n{system_admin_email} = Country Admin Email\r\n\r\n ',	'User Registration',	'<p>\r\n	Dear {user}</p>\r\n<p>\r\n	Your account password has successfully been reset . Below are your updated account details:</p>\r\n<p>\r\n	Login Email: {user_email}</p>\r\n<p>\r\n	Password: {user_password}</p>\r\n<p>\r\n	Your Role: {user_role}</p>\r\n<p>\r\n	Profile: {user_profile}</p>\r\n<p>\r\n	You can proceed logging in at {site_url}. For information contact the administrator at {system_admin_email}&nbsp;or your HRBP in your country.</p>\r\n<p>\r\n	&nbsp;</p>\r\n<p>\r\n	Regards,</p>\r\n<p>\r\n	System Administrator&nbsp; &nbsp;</p>\r\n'),
(2,	'Password Reset',	'password_reset',	'{user} = User\'s First and Last Name,\n{system_name} = System Name,\n{user_email} = User\'s Email,\n{user_password} = User\'s Password,\n{user_role} = User\'s role,\n{user_profile} = User\'s Profile,\n{site_url} = Site URL,\n{system_admin_email} = Country Admin Email\n{system_user_scope} = User Scope\n{user_team} = User Team\n{user_department} = User Department\n{user_status} = User Status\n ',	'Welcome {user}',	'<p>\n	Dear {user}</p>\n<p>\n	Your password has successfully been reset in the {system_name}. Below are your new account details:</p>\n\n<p>Login Email: {user_email}</p>\n<p>Password: {user_password}</p>\n<p>Your Role: {user_role}</p>\n<p>Profile: {user_profile}</p>\n<p>User Scope: {system_user_scope}</p>\n<p>Teams: {user_team}</p>\n<p>Department: {user_department}</p>\n<p>Account Status: {user_status}</p>\n\n<p>\n	You can proceed logging in at {site_url}. For information contact the administrator at {system_admin_email}&nbsp;or your HRBP in your country.</p>\n<p>\n	&nbsp;</p>\n<p>\n	Regards,</p>\n<p>\n	System Administrator&nbsp; &nbsp;</p>\n'),
(3,	'Survey Invitation',	'survey_invite',	'{user} = User\'s First and Last Name,\n{site_url} = Site URL,\n{system_admin_email} = Country Admin Email,\n{survey_start_date} = Nomination start date,\n{survey_end_date} = Nomination end date',	'Invitation for Participation',	'<p>\n	Dear {user}</p>\n<p>\n	You are invited to participate in the process of nomination Compassion&#39;s most outstanding staff of the year.&nbsp;</p>\n<p>\n	To participate you will be required to log in to the AFR staff recognition system via {site_url}.&nbsp;</p>\n<p>\n	The nomination activity commences on {survey_start_date} to {survey_end_date}.</p>\n\n<p>\n	Please interact with the system help documentation to have a good feel on how the system works before voting.</p>\n<p>\n	Incase you have any challage feel free to contact the system administrator at {system_admin_email} or your HRBP.</p>\n<p>\n	&nbsp;</p>\n<p>\n	Regards,</p>\n<p>\n	&nbsp;</p>\n<p>\n	System Administrator</p>\n<p>\n	&nbsp;</p>\n'),
(4,	'Survey Closure',	'survey_closure',	'{user} = User\'s First and Last Name,\r\n{system_admin_email} = Country Admin Email,\r\n{survey_start_date} = Nomination start date,\r\n{survey_end_date} = Nomination end date',	'Nomination Closure ',	'<p>\r\n	Dear {user}</p>\r\n<p>\r\n	We are happy to notify you that the nomination for the period between&nbsp;{survey_start_date} to {survey_end_date} has come to and end.</p>\r\n<p>\r\n	We are very grateful for your participation in making this effort a success.&nbsp;</p>\r\n<p>\r\n	You feedback will be used in recognising our staff who have tremendously shown their deligency in their service to the ministry to children.</p>\r\n<p>\r\n	For any query, feel free to contact the system administrator at {system_admin_email} or your HRBP.</p>\r\n<p>\r\n	&nbsp;</p>\r\n<p>\r\n	Regards,</p>\r\n<p>\r\n	&nbsp;</p>\r\n<p>\r\n	System Administrator</p>\r\n<p>\r\n	&nbsp;</p>\r\n'),
(5,	'Survey  Closure Due',	'survey_closure_due',	'{user} = User\'s First and Last Name,\r\n{system_admin_email} = Country Admin Email,\r\n{survey_start_date} = Nomination start date,\r\n{survey_end_date} = Nomination end date',	'Nomination Closure Due',	'<p>\r\n	Dear {user}</p>\r\n<p>\r\n	We are {days_to_go} to come to the closure of the nomination exercise that was to run between {survey_start_date} to {survey_end_date}.</p>\r\n<p>\r\n	We are very grateful for your participation in making this effort a success.&nbsp;</p>\r\n<p>\r\n	Inc case you have not submitted your nomination, we&#39;d like to request you to spare some time of doing so before {survey_end_date}.</p>\r\n<p>\r\n	For any query, feel free to contact the system administrator at {system_admin_email} or your HRBP.</p>\r\n<p>\r\n	&nbsp;</p>\r\n<p>\r\n	Regards,</p>\r\n<p>\r\n	&nbsp;</p>\r\n<p>\r\n	System Administrator</p>\r\n<p>\r\n	&nbsp;</p>\r\n'),
(6,	'Vote Deletion',	'vote_deletion',	'{user} = User\'s First and Last Name,\r\n{system_admin_email} = Country Admin Email,\r\n',	'Vote Deletion',	'<p>\r\n	Dear {user}</p>\r\n<p>\r\n	We wish to inform you that your request to delete your vote has been effected.&nbsp; &nbsp;</p>\r\n<p>\r\n	In case this is an error, feel free contact the system administrator at {system_admin_emal} or your HRBP in your country.&nbsp;</p>\r\n<p>\r\n	&nbsp;</p>\r\n<p>\r\n	Regards,</p>\r\n<p>\r\n	System Administrator</p>\r\n<p>\r\n	&nbsp;</p>\r\n'),
(7,	'Vote Activation',	'vote_activation',	'{user} = User\'s First and Last Name,\r\n{system_admin_email} = Country Admin Email,\r\n',	'Vote Activation',	'<p>\r\n	Dear {user}</p>\r\n<p>\r\n	We wish to inform you that your request to activate your vote has been effected.&nbsp; &nbsp;</p>\r\n<p>\r\n	In case this is an error, feel free contact the system administrator at {system_admin_emal} or your HRBP in your country.&nbsp;</p>\r\n<p>\r\n	&nbsp;</p>\r\n<p>\r\n	Regards,</p>\r\n<p>\r\n	System Administrator</p>\r\n<p>\r\n	&nbsp;</p>\r\n'),
(8,	'Vote Submitted',	'vote_submitted',	'{user} = User\'s First and Last Name,\r\n{system_admin_email} = Country Admin Email,\r\n',	'Vote Submitted',	'<p>\r\n	Dear {user}</p>\r\n<p>\r\n	You vote has successfully been submitted.&nbsp; &nbsp;&nbsp;</p>\r\n<p>\r\n	In case this is an error, feel free contact the system administrator at {system_admin_emal} or your HRBP in your country.&nbsp;</p>\r\n<p>\r\n	&nbsp;</p>\r\n<p>\r\n	Regards,</p>\r\n<p>\r\n	System Administrator</p>\r\n<p>\r\n	&nbsp;</p>\r\n'),
(9,	'Vote Initiated',	'vote_Initiated',	'{user} = User\'s First and Last Name,\r\n{system_admin_email} = Country Admin Email,\r\n',	'Voting Initiation',	'<p>\r\n	Dear {user}</p>\r\n<p>\r\n	Thanks you for initiating your nomination form. We wish you a blessed nomination exercise.&nbsp; &nbsp;&nbsp;</p>\r\n<p>\r\n	In case this is an error, feel free contact the system administrator at {system_admin_emal} or your HRBP in your country.&nbsp;</p>\r\n<p>\r\n	&nbsp;</p>\r\n<p>\r\n	Regards,</p>\r\n<p>\r\n	System Administrator</p>\r\n<p>\r\n	&nbsp;</p>\r\n'),
(10,	'Notify Nominee',	'notify_nominee',	'{user} = User\'s First and Last Name,\r\n{nominated_categories} = Nominated categories\r\n',	'Nominee Notification',	'<p>\r\n	Dear {user}</p>\r\n<p>\r\n	Someone has nominated you for the Staff recognition Award in the following categories: {nominated_categories}.</p>\r\n<p>\r\n	God bless you as you continue serving deligently in the ministry to children,</p>\r\n<p>\r\n	Regards,</p>\r\n<p>\r\n	System Administrator</p>\r\n<div>\r\n	&nbsp;</div>\r\n'),
(11,	'Voting Reminder',	'voting_reminder',	'{user} = User\'s First and Last Name,\r\n{days_to_go} = Days to go to survey closure\r\n',	'Voting Reminder',	'<p>\r\n	Dear {user}</p>\r\n<p>\r\n	We have noticed that you have not yet submitted your vote to date. We have {days_to_go} to the closure of this exercise.&nbsp;</p>\r\n<p>\r\n	Kindly spare some time submit your Staff Recognition Award vote.&nbsp;</p>\r\n<p>\r\n	Regards,</p>\r\n<p>\r\n	System Administrator</p>\r\n<div>\r\n	&nbsp;</div>\r\n'),
(12,	'User Profile Edit',	'user_profile_edit',	'{user} = User\'s First and Last Name,\r\n{system_name} = System Name,\r\n{user_email} = User\'s Email,\r\n{user_password} = User\'s Password,\r\n{user_role} = User\'s role,\r\n{user_profile} = User\'s Profile,\r\n{site_url} = Site URL,\r\n{system_admin_email} = Country Admin Email\r\n{system_user_scope} = User Scope\r\n{user_team} = User Team\r\n{user_department} = Country Admin Email\r\n{user_status} = Country Admin Email\r\n\r\n ',	'User Registration',	'<p>\r\n	Dear {user}</p>\r\n<p>\r\n	Your account password has successfully been reset . Below are your updated account details:</p>\r\n<p>\r\n	Login Email: {user_email}</p>\r\n<p>\r\n	Password: {user_password}</p>\r\n<p>\r\n	Your Role: {user_role}</p>\r\n<p>\r\n	Profile: {user_profile}</p>\r\n<p>\r\n	You can proceed logging in at {site_url}. For information contact the administrator at {system_admin_email}&nbsp;or your HRBP in your country.</p>\r\n<p>\r\n	&nbsp;</p>\r\n<p>\r\n	Regards,</p>\r\n<p>\r\n	System Administrator&nbsp; &nbsp;</p>\r\n');

DROP TABLE IF EXISTS `unit`;
CREATE TABLE `unit` (
  `unit_id` int(11) NOT NULL AUTO_INCREMENT,
  `name` varchar(20) NOT NULL,
  PRIMARY KEY (`unit_id`)
) ENGINE=InnoDB DEFAULT CHARSET=latin1;

INSERT INTO `unit` (`unit_id`, `name`) VALUES
(1,	'country'),
(2,	'department'),
(3,	'team'),
(4,	'user');

DROP TABLE IF EXISTS `user`;
CREATE TABLE `user` (
  `user_id` int(100) NOT NULL AUTO_INCREMENT,
  `firstname` varchar(50) COLLATE utf8_unicode_ci NOT NULL,
  `lastname` varchar(50) COLLATE utf8_unicode_ci NOT NULL,
  `email` varchar(100) COLLATE utf8_unicode_ci NOT NULL,
  `email_notify` tinyint(5) NOT NULL DEFAULT '1',
  `password` varchar(100) COLLATE utf8_unicode_ci NOT NULL,
  `gender` varchar(10) COLLATE utf8_unicode_ci NOT NULL,
  `phone` varchar(20) COLLATE utf8_unicode_ci NOT NULL,
  `employee_id` varchar(10) COLLATE utf8_unicode_ci NOT NULL,
  `role_id` tinyint(10) NOT NULL,
  `profile_id` tinyint(5) NOT NULL,
  `manager_id` int(100) NOT NULL,
  `auth` tinyint(5) NOT NULL,
  `country_id` int(11) NOT NULL,
  PRIMARY KEY (`user_id`)
) ENGINE=InnoDB DEFAULT CHARSET=utf8 COLLATE=utf8_unicode_ci;

INSERT INTO `user` (`user_id`, `firstname`, `lastname`, `email`, `email_notify`, `password`, `gender`, `phone`, `employee_id`, `role_id`, `profile_id`, `manager_id`, `auth`, `country_id`) VALUES
(1,	'Wilson',	'Agutu',	'WAgutu@tz.ci.org',	0,	'956d2d5467ed373328ee2d165a51c399',	'male',	'0',	'0',	32,	4,	64,	1,	28),
(2,	'Nickson',	'Alex',	'NAlex@tz.ci.org',	0,	'956d2d5467ed373328ee2d165a51c399',	'male',	'0',	'0',	32,	4,	64,	1,	28),
(3,	'Adolph',	'Angelo',	'AAngelo@tz.ci.org',	0,	'956d2d5467ed373328ee2d165a51c399',	'male',	'0',	'0',	49,	4,	53,	1,	28),
(4,	'Michael',	'Balele',	'MBalele@tz.ci.org',	0,	'956d2d5467ed373328ee2d165a51c399',	'male',	'0',	'0',	29,	4,	52,	1,	28),
(5,	'Elijah',	'Bayyo',	'EBayyo@tz.ci.org',	0,	'956d2d5467ed373328ee2d165a51c399',	'male',	'0',	'0',	29,	4,	78,	1,	28),
(6,	'Joyce',	'Bendera',	'JBendera@tz.ci.org',	0,	'956d2d5467ed373328ee2d165a51c399',	'female',	'0',	'0',	51,	4,	14,	1,	28),
(7,	'Philbert',	'Bukeme',	'PBukeme@tz.ci.org',	0,	'956d2d5467ed373328ee2d165a51c399',	'male',	'0',	'0',	29,	4,	88,	1,	28),
(8,	'Jackson',	'Buyungu',	'JBuyungu@tz.ci.org',	0,	'956d2d5467ed373328ee2d165a51c399',	'male',	'0',	'0',	1,	4,	185,	1,	28),
(9,	'Remmy',	'Dumbi',	'RDumbi@tz.ci.org',	0,	'956d2d5467ed373328ee2d165a51c399',	'male',	'0',	'0',	57,	4,	54,	1,	28),
(10,	'Yoseph',	'Fimbo',	'YFimbo@tz.ci.org',	0,	'956d2d5467ed373328ee2d165a51c399',	'male',	'0',	'0',	5,	4,	364,	1,	28),
(11,	'Suzan',	'Golugwa',	'SGolugwa@tz.ci.org',	0,	'956d2d5467ed373328ee2d165a51c399',	'female',	'0',	'0',	29,	4,	77,	1,	28),
(12,	'Reginald',	'Hosea',	'RHosea@tz.ci.org',	0,	'956d2d5467ed373328ee2d165a51c399',	'male',	'0',	'0',	29,	4,	78,	1,	28),
(13,	'Agnes',	'Hotay',	'AHotay@tz.ci.org',	0,	'956d2d5467ed373328ee2d165a51c399',	'female',	'0',	'0',	28,	4,	659,	1,	28),
(14,	'Patricia',	'Hingira',	'PHingira@tz.ci.org',	0,	'956d2d5467ed373328ee2d165a51c399',	'female',	'0',	'0',	55,	4,	54,	1,	28),
(15,	'Nancy',	'Kaaya',	'NKaaya@tz.ci.org',	0,	'956d2d5467ed373328ee2d165a51c399',	'female',	'0',	'0',	54,	4,	34,	1,	28),
(16,	'Mary',	'Kasanga',	'MKasanga@tz.ci.org',	0,	'956d2d5467ed373328ee2d165a51c399',	'female',	'0',	'0',	25,	4,	30,	1,	28),
(17,	'Jennifer',	'Kidebuye',	'JKidebuye@tz.ci.org',	0,	'956d2d5467ed373328ee2d165a51c399',	'female',	'0',	'0',	6,	4,	34,	1,	28),
(18,	'Nickson',	'Kilale',	'NKilale@tz.ci.org',	0,	'956d2d5467ed373328ee2d165a51c399',	'male',	'0',	'0',	29,	4,	82,	1,	28),
(19,	'Mercy',	'Kimaro',	'MKimaro@tz.ci.org',	0,	'956d2d5467ed373328ee2d165a51c399',	'female',	'0',	'0',	29,	4,	77,	1,	28),
(20,	'Stella',	'Kinyozi',	'SKinyozi@tz.ci.org',	0,	'956d2d5467ed373328ee2d165a51c399',	'female',	'0',	'0',	33,	4,	16,	1,	28),
(21,	'Joseph',	'Kirita',	'JKirita@tz.ci.org',	0,	'956d2d5467ed373328ee2d165a51c399',	'male',	'0',	'0',	30,	4,	78,	1,	28),
(22,	'Daudi',	'Kisare',	'DKisare@tz.ci.org',	0,	'956d2d5467ed373328ee2d165a51c399',	'male',	'0',	'0',	29,	4,	88,	1,	28),
(23,	'Audats',	'Kisato',	'AKisato@tz.ci.org',	0,	'956d2d5467ed373328ee2d165a51c399',	'male',	'0',	'0',	29,	4,	52,	1,	28),
(24,	'Titoya',	'Kivuyo',	'TKivuyo@tz.ci.org',	0,	'956d2d5467ed373328ee2d165a51c399',	'female',	'0',	'0',	37,	4,	14,	1,	28),
(25,	'Christopher',	'Kombe',	'CKombe@tz.ci.org',	0,	'956d2d5467ed373328ee2d165a51c399',	'male',	'0',	'0',	17,	4,	405,	1,	28),
(26,	'Angaikundeni',	'Kweka',	'AKweka@tz.ci.org',	0,	'956d2d5467ed373328ee2d165a51c399',	'female',	'0',	'0',	49,	4,	52,	1,	28),
(27,	'Glory',	'Kyara',	'GKyara@tz.ci.org',	0,	'956d2d5467ed373328ee2d165a51c399',	'female',	'0',	'0',	2,	4,	15,	1,	28),
(28,	'Peter',	'Laizer',	'PLaizer@tz.ci.org',	0,	'956d2d5467ed373328ee2d165a51c399',	'male',	'0',	'0',	57,	4,	54,	1,	28),
(29,	'Eric',	'Lema',	'ELema@tz.ci.org',	0,	'956d2d5467ed373328ee2d165a51c399',	'male',	'0',	'0',	31,	4,	394,	1,	28),
(30,	'Mary',	'Lema',	'MLema@tz.ci.org',	0,	'956d2d5467ed373328ee2d165a51c399',	'female',	'0',	'0',	48,	4,	13,	1,	28),
(31,	'Modester',	'Luvanda',	'MLuvanda@tz.ci.org',	0,	'956d2d5467ed373328ee2d165a51c399',	'female',	'0',	'0',	29,	4,	82,	1,	28),
(32,	'Raphael',	'Lyela',	'RLyela@tz.ci.org',	0,	'956d2d5467ed373328ee2d165a51c399',	'male',	'0',	'0',	29,	4,	82,	1,	28),
(33,	'Edwin',	'Sospeter',	'ESospeter@tz.ci.org',	0,	'956d2d5467ed373328ee2d165a51c399',	'male',	'0',	'0',	47,	4,	13,	1,	28),
(34,	'Makene',	'Mafwele',	'MMafwele@tz.ci.org',	0,	'956d2d5467ed373328ee2d165a51c399',	'male',	'0',	'0',	46,	4,	13,	1,	28),
(35,	'Godwin',	'Majenga',	'GMajenga@tz.ci.org',	0,	'956d2d5467ed373328ee2d165a51c399',	'male',	'0',	'0',	29,	4,	53,	1,	28),
(36,	'Frank',	'Makupa',	'FMakupa@tz.ci.org',	0,	'956d2d5467ed373328ee2d165a51c399',	'male',	'0',	'0',	7,	4,	64,	1,	28),
(37,	'Erasto',	'Malila',	'EMalila@tz.ci.org',	0,	'956d2d5467ed373328ee2d165a51c399',	'male',	'0',	'0',	29,	4,	88,	1,	28),
(38,	'Godfrey',	'Malima',	'GMalima@tz.ci.org',	0,	'956d2d5467ed373328ee2d165a51c399',	'male',	'0',	'0',	33,	4,	16,	1,	28),
(39,	'Beatrice',	'Malisa',	'BMalisa@tz.ci.org',	0,	'956d2d5467ed373328ee2d165a51c399',	'female',	'0',	'0',	37,	4,	54,	1,	28),
(40,	'Prisca',	'Malisa',	'PMalisa@tz.ci.org',	0,	'956d2d5467ed373328ee2d165a51c399',	'female',	'0',	'0',	37,	4,	54,	1,	28),
(41,	'Godlisten',	'Mao',	'GMao@tz.ci.org',	0,	'956d2d5467ed373328ee2d165a51c399',	'male',	'0',	'0',	29,	4,	77,	1,	28),
(42,	'Sigfred',	'Mashiku',	'SMashiku@tz.ci.org',	0,	'956d2d5467ed373328ee2d165a51c399',	'male',	'0',	'0',	29,	4,	53,	1,	28),
(43,	'Dorcas',	'Masunga',	'DMasunga@tz.ci.org',	0,	'956d2d5467ed373328ee2d165a51c399',	'female',	'0',	'0',	37,	4,	14,	1,	28),
(44,	'Lucas',	'Matiku',	'LMatiku@tz.ci.org',	0,	'956d2d5467ed373328ee2d165a51c399',	'male',	'0',	'0',	13,	4,	15,	1,	28),
(45,	'Seraphin',	'Mayila',	'SMayila@tz.ci.org',	0,	'956d2d5467ed373328ee2d165a51c399',	'male',	'0',	'0',	29,	4,	78,	1,	28),
(46,	'Joseph',	'Mfangavo',	'JMfangavo@tz.ci.org',	0,	'956d2d5467ed373328ee2d165a51c399',	'male',	'0',	'0',	29,	4,	53,	1,	28),
(47,	'Frank',	'Mganga',	'FMganga@tz.ci.org',	0,	'956d2d5467ed373328ee2d165a51c399',	'male',	'0',	'0',	33,	4,	16,	1,	28),
(48,	'Ester',	'Mgimba',	'EMgimba@tz.ci.org',	0,	'956d2d5467ed373328ee2d165a51c399',	'female',	'0',	'0',	49,	4,	52,	1,	28),
(49,	'Maria',	'Milunga',	'MMilunga@tz.ci.org',	0,	'956d2d5467ed373328ee2d165a51c399',	'female',	'0',	'0',	37,	4,	14,	1,	28),
(50,	'Sifu',	'Mohamed',	'SMohamed@tz.ci.org',	0,	'956d2d5467ed373328ee2d165a51c399',	'female',	'0',	'0',	49,	4,	78,	1,	28),
(51,	'Vivian',	'Mollel',	'VMollel@tz.ci.org',	0,	'956d2d5467ed373328ee2d165a51c399',	'female',	'0',	'0',	2,	4,	15,	1,	28),
(52,	'Cuthbert',	'Mono',	'CMono@tz.ci.org',	0,	'956d2d5467ed373328ee2d165a51c399',	'male',	'0',	'0',	23,	4,	33,	1,	28),
(53,	'Ezekiel',	'Moses',	'EMoses@tz.ci.org',	0,	'956d2d5467ed373328ee2d165a51c399',	'male',	'0',	'0',	23,	4,	33,	1,	28),
(54,	'Benson',	'Moshi',	'BMoshi@tz.ci.org',	0,	'956d2d5467ed373328ee2d165a51c399',	'male',	'0',	'0',	26,	4,	30,	1,	28),
(55,	'Andrew',	'Msegu',	'AMsegu@tz.ci.org',	0,	'956d2d5467ed373328ee2d165a51c399',	'male',	'0',	'0',	29,	4,	88,	1,	28),
(56,	'Humphrey',	'Msengi',	'HMsengi@tz.ci.org',	0,	'956d2d5467ed373328ee2d165a51c399',	'male',	'0',	'0',	29,	4,	53,	1,	28),
(57,	'Mwanaidi',	'Mshana',	'MMshana@tz.ci.org',	0,	'956d2d5467ed373328ee2d165a51c399',	'female',	'0',	'0',	1,	4,	185,	1,	28),
(58,	'Mary',	'Mwabukusi',	'MMwabukusi@tz.ci.org',	0,	'956d2d5467ed373328ee2d165a51c399',	'female',	'0',	'0',	35,	4,	34,	1,	28),
(59,	'Stanley',	'Mwailah',	'SMwailah@tz.ci.org',	0,	'956d2d5467ed373328ee2d165a51c399',	'male',	'0',	'0',	29,	4,	82,	1,	28),
(60,	'Tumain',	'Mwalupwepe',	'TMwalupwepe@tz.ci.org',	0,	'956d2d5467ed373328ee2d165a51c399',	'male',	'0',	'0',	17,	4,	405,	1,	28),
(61,	'Abisai',	'Mwaluvinga',	'AMwaluvinga@tz.ci.org',	0,	'956d2d5467ed373328ee2d165a51c399',	'male',	'0',	'0',	29,	4,	82,	1,	28),
(62,	'Sarah',	'Mwanjoka',	'SMwanjoka@tz.ci.org',	0,	'956d2d5467ed373328ee2d165a51c399',	'female',	'0',	'0',	37,	4,	54,	1,	28),
(63,	'Ally',	'Mwenebokyo',	'AMwenebokyo@tz.ci.org',	0,	'956d2d5467ed373328ee2d165a51c399',	'male',	'0',	'0',	42,	8,	269,	1,	28),
(64,	'Elias',	'Mwinuka',	'EMwinuka@tz.ci.org',	0,	'956d2d5467ed373328ee2d165a51c399',	'male',	'0',	'0',	24,	4,	30,	1,	28),
(65,	'Nelly',	'Nalama',	'NNalama@tz.ci.org',	0,	'956d2d5467ed373328ee2d165a51c399',	'female',	'0',	'0',	2,	4,	15,	1,	28),
(66,	'Senyaeli',	'Ndekirwa',	'SNdekirwa@tz.ci.org',	0,	'956d2d5467ed373328ee2d165a51c399',	'male',	'0',	'0',	37,	4,	14,	1,	28),
(67,	'Dickson',	'Ndelwa',	'DNdelwa@tz.ci.org',	0,	'956d2d5467ed373328ee2d165a51c399',	'male',	'0',	'0',	29,	4,	78,	1,	28),
(68,	'Magdalene',	'Nderumaki',	'MNderumaki@tz.ci.org',	0,	'956d2d5467ed373328ee2d165a51c399',	'female',	'0',	'0',	7,	4,	64,	1,	28),
(69,	'Jesca',	'Ndosi',	'JNdosi@tz.ci.org',	0,	'956d2d5467ed373328ee2d165a51c399',	'female',	'0',	'0',	32,	4,	64,	1,	28),
(70,	'Shedrack',	'Nnko',	'SNnko@tz.ci.org',	0,	'956d2d5467ed373328ee2d165a51c399',	'male',	'0',	'0',	38,	4,	185,	1,	28),
(71,	'Yohana',	'Nnko',	'YNnko@tz.ci.org',	0,	'956d2d5467ed373328ee2d165a51c399',	'male',	'0',	'0',	29,	4,	78,	1,	28),
(72,	'Rebeca',	'Nyambele',	'RNyambele@tz.ci.org',	0,	'956d2d5467ed373328ee2d165a51c399',	'female',	'0',	'0',	29,	4,	78,	1,	28),
(73,	'Salvatory',	'Nyambo',	'SNyambo@tz.ci.org',	0,	'956d2d5467ed373328ee2d165a51c399',	'male',	'0',	'0',	29,	4,	88,	1,	28),
(74,	'Thomas',	'Odhiambo Njagwa',	'TOdhiambo@tz.ci.org',	0,	'956d2d5467ed373328ee2d165a51c399',	'male',	'0',	'0',	29,	4,	77,	1,	28),
(75,	'Cossem',	'Padon',	'CPadon@tz.ci.org',	0,	'956d2d5467ed373328ee2d165a51c399',	'male',	'0',	'0',	37,	4,	14,	1,	28),
(76,	'Elia',	'Pallangyo',	'EPallangyo@tz.ci.org',	0,	'956d2d5467ed373328ee2d165a51c399',	'male',	'0',	'0',	27,	4,	64,	1,	28),
(77,	'Emmanuel',	'Pando',	'EPando@tz.ci.org',	0,	'956d2d5467ed373328ee2d165a51c399',	'male',	'0',	'0',	23,	4,	33,	1,	28),
(78,	'Shiphrah',	'S. Mwagisa',	'SS. Mwagisa@tz.ci.org',	0,	'956d2d5467ed373328ee2d165a51c399',	'female',	'0',	'0',	23,	4,	33,	1,	28),
(79,	'Letema',	'Samuel',	'LSamuel@tz.ci.org',	0,	'956d2d5467ed373328ee2d165a51c399',	'male',	'0',	'0',	33,	4,	16,	1,	28),
(80,	'Elyne',	'Sanga',	'ESanga@tz.ci.org',	0,	'956d2d5467ed373328ee2d165a51c399',	'female',	'0',	'0',	5,	4,	364,	1,	28),
(81,	'Furaha',	'Sango',	'FSango@tz.ci.org',	0,	'956d2d5467ed373328ee2d165a51c399',	'female',	'0',	'0',	16,	8,	63,	1,	28),
(82,	'Latifa',	'Sekajingo',	'LSekajingo@tz.ci.org',	0,	'956d2d5467ed373328ee2d165a51c399',	'female',	'0',	'0',	23,	4,	33,	1,	28),
(83,	'Andrew',	'Senyagwa',	'ASenyagwa@tz.ci.org',	0,	'956d2d5467ed373328ee2d165a51c399',	'male',	'0',	'0',	14,	4,	15,	1,	28),
(84,	'Janeth',	'Shayo',	'JShayo@tz.ci.org',	0,	'956d2d5467ed373328ee2d165a51c399',	'female',	'0',	'0',	29,	4,	53,	1,	28),
(85,	'Sarah',	'Shilla',	'SShilla@tz.ci.org',	0,	'956d2d5467ed373328ee2d165a51c399',	'female',	'0',	'0',	32,	4,	64,	1,	28),
(86,	'Rhoda',	'Shimba',	'RShimba@tz.ci.org',	0,	'956d2d5467ed373328ee2d165a51c399',	'female',	'0',	'0',	32,	4,	64,	1,	28),
(87,	'Daudi',	'Siwale',	'DSiwale@tz.ci.org',	0,	'956d2d5467ed373328ee2d165a51c399',	'male',	'0',	'0',	29,	4,	82,	1,	28),
(88,	'Angelina',	'Stephen',	'AStephen@tz.ci.org',	0,	'956d2d5467ed373328ee2d165a51c399',	'female',	'0',	'0',	23,	4,	33,	1,	28),
(89,	'Pauline',	'Sumaye',	'PSumaye@tz.ci.org',	0,	'956d2d5467ed373328ee2d165a51c399',	'female',	'0',	'0',	37,	4,	14,	1,	28),
(90,	'Amani',	'Tenga',	'ATenga@tz.ci.org',	0,	'956d2d5467ed373328ee2d165a51c399',	'male',	'0',	'0',	29,	4,	77,	1,	28),
(91,	'Ilankunda',	'Thomas',	'IThomas@tz.ci.org',	0,	'956d2d5467ed373328ee2d165a51c399',	'male',	'0',	'0',	30,	4,	77,	1,	28),
(92,	'Tolla\'G',	'Tolla',	'TTolla@tz.ci.org',	0,	'956d2d5467ed373328ee2d165a51c399',	'male',	'0',	'0',	29,	4,	52,	1,	28),
(93,	'Godian',	'Vyokuta',	'GVyokuta@tz.ci.org',	0,	'956d2d5467ed373328ee2d165a51c399',	'male',	'0',	'0',	32,	4,	64,	1,	28),
(94,	'Hellen',	'Willy',	'HWilly@tz.ci.org',	0,	'956d2d5467ed373328ee2d165a51c399',	'female',	'0',	'0',	33,	4,	16,	1,	28),
(95,	'Shellina',	'Abaho',	'SAbaho@ug.ci.org',	0,	'956d2d5467ed373328ee2d165a51c399',	'female',	'0',	'0',	24,	4,	109,	1,	26),
(96,	'Brenda',	'Abeja',	'BAbeja@ug.ci.org',	0,	'956d2d5467ed373328ee2d165a51c399',	'female',	'0',	'0',	40,	4,	108,	1,	26),
(97,	'Nancy',	'Ahairwe',	'NAhairwe@ug.ci.org',	0,	'956d2d5467ed373328ee2d165a51c399',	'female',	'0',	'0',	42,	8,	269,	1,	26),
(98,	'Jane',	'Akwero',	'JAkwero@ug.ci.org',	0,	'956d2d5467ed373328ee2d165a51c399',	'female',	'0',	'0',	37,	4,	145,	1,	26),
(99,	'Jackline',	'Angedakin',	'JAngedakin@ug.ci.org',	0,	'956d2d5467ed373328ee2d165a51c399',	'female',	'0',	'0',	23,	4,	158,	1,	26),
(100,	'Tom',	'Angutoko M.D.',	'TAngutoko M.D.@ug.ci.org',	0,	'956d2d5467ed373328ee2d165a51c399',	'male',	'0',	'0',	29,	4,	177,	1,	26),
(101,	'Benard',	'Aoku',	'BAoku@ug.ci.org',	0,	'956d2d5467ed373328ee2d165a51c399',	'male',	'0',	'0',	13,	4,	108,	1,	26),
(102,	'Emmanuel',	'Ariko',	'EAriko@ug.ci.org',	0,	'956d2d5467ed373328ee2d165a51c399',	'male',	'0',	'0',	29,	4,	173,	1,	26),
(103,	'Beatrice',	'Arinda',	'BArinda@ug.ci.org',	0,	'956d2d5467ed373328ee2d165a51c399',	'female',	'0',	'0',	32,	4,	117,	1,	26),
(104,	'Florence',	'Asiimwe',	'FAsiimwe@ug.ci.org',	0,	'956d2d5467ed373328ee2d165a51c399',	'female',	'0',	'0',	29,	4,	99,	1,	26),
(105,	'Caroline',	'Atuhwere',	'CAtuhwere@ug.ci.org',	0,	'956d2d5467ed373328ee2d165a51c399',	'female',	'0',	'0',	31,	4,	394,	1,	26),
(106,	'Michael',	'Bakyaita',	'MBakyaita@ug.ci.org',	0,	'956d2d5467ed373328ee2d165a51c399',	'male',	'0',	'0',	17,	4,	405,	1,	26),
(107,	'Daisy',	'Byarugaba',	'DByarugaba@ug.ci.org',	0,	'956d2d5467ed373328ee2d165a51c399',	'female',	'0',	'0',	21,	4,	0,	1,	26),
(108,	'Augustine',	'Chaiga',	'AChaiga@ug.ci.org',	0,	'956d2d5467ed373328ee2d165a51c399',	'male',	'0',	'0',	54,	4,	192,	1,	26),
(109,	'Ahimbisibwe',	'Emmanuel',	'AEmmanuel@ug.ci.org',	0,	'956d2d5467ed373328ee2d165a51c399',	'male',	'0',	'0',	48,	4,	142,	1,	26),
(110,	'Grace',	'Esaete',	'GEsaete@ug.ci.org',	0,	'956d2d5467ed373328ee2d165a51c399',	'female',	'0',	'0',	29,	4,	177,	1,	26),
(111,	'Grace',	'Kabahweza',	'GKabahweza@ug.ci.org',	0,	'956d2d5467ed373328ee2d165a51c399',	'female',	'0',	'0',	57,	4,	124,	1,	26),
(112,	'Patience',	'Kabakama',	'PKabakama@ug.ci.org',	0,	'956d2d5467ed373328ee2d165a51c399',	'female',	'0',	'0',	29,	4,	171,	1,	26),
(113,	'Sarah',	'Kabonge',	'SKabonge@ug.ci.org',	0,	'956d2d5467ed373328ee2d165a51c399',	'female',	'0',	'0',	29,	4,	99,	1,	26),
(114,	'Derrick',	'Kagina',	'DKagina@ug.ci.org',	0,	'956d2d5467ed373328ee2d165a51c399',	'male',	'0',	'0',	57,	4,	124,	1,	26),
(115,	'Allan',	'Kakinda',	'AKakinda@ug.ci.org',	0,	'956d2d5467ed373328ee2d165a51c399',	'male',	'0',	'0',	27,	4,	117,	1,	26),
(116,	'Yusuf',	'Kalema',	'YKalema@ug.ci.org',	0,	'956d2d5467ed373328ee2d165a51c399',	'male',	'0',	'0',	29,	4,	169,	1,	26),
(117,	'Nicholas',	'Kalyebara',	'NKalyebara@ug.ci.org',	0,	'956d2d5467ed373328ee2d165a51c399',	'male',	'0',	'0',	24,	4,	109,	1,	26),
(118,	'Richard',	'Kandyomunda',	'RKandyomunda@ug.ci.org',	0,	'956d2d5467ed373328ee2d165a51c399',	'male',	'0',	'0',	29,	4,	177,	1,	26),
(119,	'Yona',	'Kapere',	'YKapere@ug.ci.org',	0,	'956d2d5467ed373328ee2d165a51c399',	'male',	'0',	'0',	50,	4,	397,	1,	26),
(120,	'Audrey',	'Karuhanga',	'AKaruhanga@ug.ci.org',	0,	'956d2d5467ed373328ee2d165a51c399',	'female',	'0',	'0',	32,	4,	117,	1,	26),
(121,	'Aggrey',	'Katana',	'AKatana@ug.ci.org',	0,	'956d2d5467ed373328ee2d165a51c399',	'male',	'0',	'0',	29,	4,	171,	1,	26),
(122,	'James',	'Katumba',	'JKatumba@ug.ci.org',	0,	'956d2d5467ed373328ee2d165a51c399',	'male',	'0',	'0',	29,	4,	171,	1,	26),
(123,	'Agnes',	'Katushabe',	'AKatushabe@ug.ci.org',	0,	'956d2d5467ed373328ee2d165a51c399',	'female',	'0',	'0',	29,	4,	99,	1,	26),
(124,	'Noirine',	'Khaitsa',	'NKhaitsa@ug.ci.org',	0,	'956d2d5467ed373328ee2d165a51c399',	'female',	'0',	'0',	26,	4,	109,	1,	26),
(125,	'Moses',	'Kibira',	'MKibira@ug.ci.org',	0,	'956d2d5467ed373328ee2d165a51c399',	'male',	'0',	'0',	29,	4,	169,	1,	26),
(126,	'Brendah',	'Kikomberwa',	'BKikomberwa@ug.ci.org',	0,	'956d2d5467ed373328ee2d165a51c399',	'female',	'0',	'0',	29,	4,	171,	1,	26),
(127,	'Andrew',	'Kimbowa',	'AKimbowa@ug.ci.org',	0,	'956d2d5467ed373328ee2d165a51c399',	'male',	'0',	'0',	30,	4,	158,	1,	26),
(128,	'Beneth',	'Kirimunda',	'BKirimunda@ug.ci.org',	0,	'956d2d5467ed373328ee2d165a51c399',	'female',	'0',	'0',	37,	4,	154,	1,	26),
(129,	'Winnie',	'Kisakye',	'WKisakye@ug.ci.org',	0,	'956d2d5467ed373328ee2d165a51c399',	'female',	'0',	'0',	7,	4,	95,	1,	26),
(130,	'Jacqueline',	'Leku',	'JLeku@ug.ci.org',	0,	'956d2d5467ed373328ee2d165a51c399',	'female',	'0',	'0',	37,	4,	154,	1,	26),
(131,	'Mercy',	'Letaru',	'MLetaru@ug.ci.org',	0,	'956d2d5467ed373328ee2d165a51c399',	'female',	'0',	'0',	37,	4,	145,	1,	26),
(132,	'Patrick',	'Lubega',	'PLubega@ug.ci.org',	0,	'956d2d5467ed373328ee2d165a51c399',	'male',	'0',	'0',	29,	4,	173,	1,	26),
(133,	'Stephen',	'Luboyera',	'SLuboyera@ug.ci.org',	0,	'956d2d5467ed373328ee2d165a51c399',	'male',	'0',	'0',	29,	4,	177,	1,	26),
(134,	'Joan',	'Luyiga',	'JLuyiga@ug.ci.org',	0,	'956d2d5467ed373328ee2d165a51c399',	'female',	'0',	'0',	37,	4,	145,	1,	26),
(135,	'Emmanuel',	'Makafu',	'EMakafu@ug.ci.org',	0,	'956d2d5467ed373328ee2d165a51c399',	'male',	'0',	'0',	32,	4,	117,	1,	26),
(136,	'John',	'Male',	'JMale@ug.ci.org',	0,	'956d2d5467ed373328ee2d165a51c399',	'male',	'0',	'0',	33,	4,	109,	1,	26),
(137,	'Jessica',	'Masanganzira',	'JMasanganzira@ug.ci.org',	0,	'956d2d5467ed373328ee2d165a51c399',	'female',	'0',	'0',	29,	4,	169,	1,	26),
(138,	'Hope',	'Masika',	'HMasika@ug.ci.org',	0,	'956d2d5467ed373328ee2d165a51c399',	'female',	'0',	'0',	32,	4,	95,	1,	26),
(139,	'Rodgers',	'Mayebeye',	'RMayebeye@ug.ci.org',	0,	'956d2d5467ed373328ee2d165a51c399',	'male',	'0',	'0',	29,	4,	173,	1,	26),
(140,	'Henry',	'Modi',	'HModi@ug.ci.org',	0,	'956d2d5467ed373328ee2d165a51c399',	'male',	'0',	'0',	32,	4,	95,	1,	26),
(141,	'Lalam',	'Molly',	'LMolly@ug.ci.org',	0,	'956d2d5467ed373328ee2d165a51c399',	'female',	'0',	'0',	29,	4,	177,	1,	26),
(142,	'Lenny',	'Mugisha',	'LMugisha@ug.ci.org',	0,	'956d2d5467ed373328ee2d165a51c399',	'male',	'0',	'0',	28,	4,	659,	1,	26),
(143,	'Mark',	'Mugumya I',	'MMugumya I@ug.ci.org',	0,	'956d2d5467ed373328ee2d165a51c399',	'male',	'0',	'0',	14,	4,	108,	1,	26),
(144,	'Jacob',	'Musamba',	'JMusamba@ug.ci.org',	0,	'956d2d5467ed373328ee2d165a51c399',	'male',	'0',	'0',	1,	4,	185,	1,	26),
(145,	'Christine',	'Mwebesa',	'CMwebesa@ug.ci.org',	0,	'956d2d5467ed373328ee2d165a51c399',	'female',	'0',	'0',	55,	4,	124,	1,	26),
(146,	'Medrine',	'Nabalema',	'MNabalema@ug.ci.org',	0,	'956d2d5467ed373328ee2d165a51c399',	'female',	'0',	'0',	49,	4,	169,	1,	26),
(147,	'Lillian',	'Nakabiri',	'LNakabiri@ug.ci.org',	0,	'956d2d5467ed373328ee2d165a51c399',	'female',	'0',	'0',	57,	4,	124,	1,	26),
(148,	'Monica',	'Nakanwagi',	'MNakanwagi@ug.ci.org',	0,	'956d2d5467ed373328ee2d165a51c399',	'female',	'0',	'0',	29,	4,	173,	1,	26),
(149,	'Allen',	'Namazzi',	'ANamazzi@ug.ci.org',	0,	'956d2d5467ed373328ee2d165a51c399',	'female',	'0',	'0',	29,	4,	171,	1,	26),
(150,	'Rita',	'Namisango',	'RNamisango@ug.ci.org',	0,	'956d2d5467ed373328ee2d165a51c399',	'female',	'0',	'0',	39,	4,	185,	1,	26),
(151,	'Tom',	'Namisi',	'TNamisi@ug.ci.org',	0,	'956d2d5467ed373328ee2d165a51c399',	'male',	'0',	'0',	29,	4,	169,	1,	26),
(152,	'Ruth',	'Nehoba',	'RNehoba@ug.ci.org',	0,	'956d2d5467ed373328ee2d165a51c399',	'female',	'0',	'0',	29,	4,	171,	1,	26),
(153,	'Emmanuel',	'Nyiringabo',	'ENyiringabo@ug.ci.org',	0,	'956d2d5467ed373328ee2d165a51c399',	'male',	'0',	'0',	29,	4,	177,	1,	26),
(154,	'Stephen',	'Ochieng',	'SOchieng@ug.ci.org',	0,	'956d2d5467ed373328ee2d165a51c399',	'male',	'0',	'0',	55,	4,	124,	1,	26),
(155,	'James',	'Odelle',	'JOdelle@ug.ci.org',	0,	'956d2d5467ed373328ee2d165a51c399',	'male',	'0',	'0',	37,	4,	145,	1,	26),
(156,	'Patrick',	'Odwori',	'POdwori@ug.ci.org',	0,	'956d2d5467ed373328ee2d165a51c399',	'male',	'0',	'0',	29,	4,	99,	1,	26),
(157,	'Agnes',	'Ogaria',	'AOgaria@ug.ci.org',	0,	'956d2d5467ed373328ee2d165a51c399',	'female',	'0',	'0',	37,	4,	154,	1,	26),
(158,	'Faith',	'Ojambo',	'FOjambo@ug.ci.org',	0,	'956d2d5467ed373328ee2d165a51c399',	'female',	'0',	'0',	47,	4,	142,	1,	26),
(159,	'Steven',	'Ojara',	'SOjara@ug.ci.org',	0,	'956d2d5467ed373328ee2d165a51c399',	'male',	'0',	'0',	29,	4,	177,	1,	26),
(160,	'Jacqueline',	'Olupot',	'JOlupot@ug.ci.org',	0,	'956d2d5467ed373328ee2d165a51c399',	'female',	'0',	'0',	29,	4,	171,	1,	26),
(161,	'Flavia',	'Olwol',	'FOlwol@ug.ci.org',	0,	'956d2d5467ed373328ee2d165a51c399',	'female',	'0',	'0',	30,	4,	158,	1,	26),
(162,	'Bonny',	'Olyet',	'BOlyet@ug.ci.org',	0,	'956d2d5467ed373328ee2d165a51c399',	'male',	'0',	'0',	53,	4,	375,	1,	26),
(163,	'Irene',	'Omara',	'IOmara@ug.ci.org',	0,	'956d2d5467ed373328ee2d165a51c399',	'female',	'0',	'0',	25,	4,	109,	1,	26),
(164,	'Walter',	'Omony',	'WOmony@ug.ci.org',	0,	'956d2d5467ed373328ee2d165a51c399',	'male',	'0',	'0',	5,	4,	364,	1,	26),
(165,	'Doreen',	'Omwagalwa',	'DOmwagalwa@ug.ci.org',	0,	'956d2d5467ed373328ee2d165a51c399',	'female',	'0',	'0',	29,	4,	99,	1,	26),
(166,	'Abananye',	'Oosasira',	'AOosasira@ug.ci.org',	0,	'956d2d5467ed373328ee2d165a51c399',	'female',	'0',	'0',	2,	4,	108,	1,	26),
(167,	'Gilbert',	'Ouma',	'GOuma@ug.ci.org',	0,	'956d2d5467ed373328ee2d165a51c399',	'male',	'0',	'0',	33,	4,	109,	1,	26),
(168,	'Kibbedi',	'Patience',	'KPatience@ug.ci.org',	0,	'956d2d5467ed373328ee2d165a51c399',	'female',	'0',	'0',	34,	4,	0,	1,	26),
(169,	'Jackson',	'Rujoga',	'JRujoga@ug.ci.org',	0,	'956d2d5467ed373328ee2d165a51c399',	'male',	'0',	'0',	23,	4,	158,	1,	26),
(170,	'Simon',	'Rwamura',	'SRwamura@ug.ci.org',	0,	'956d2d5467ed373328ee2d165a51c399',	'male',	'0',	'0',	6,	4,	192,	1,	26),
(171,	'Chistopher',	'Semarora',	'CSemarora@ug.ci.org',	0,	'956d2d5467ed373328ee2d165a51c399',	'male',	'0',	'0',	23,	4,	158,	1,	26),
(172,	'Robinah',	'Semujju',	'RSemujju@ug.ci.org',	0,	'956d2d5467ed373328ee2d165a51c399',	'female',	'0',	'0',	37,	4,	154,	1,	26),
(173,	'Stellah',	'Situma',	'SSituma@ug.ci.org',	0,	'956d2d5467ed373328ee2d165a51c399',	'female',	'0',	'0',	23,	4,	158,	1,	26),
(174,	'Ditas',	'Tashobya',	'DTashobya@ug.ci.org',	0,	'956d2d5467ed373328ee2d165a51c399',	'male',	'0',	'0',	37,	4,	154,	1,	26),
(175,	'James',	'Tebyasa',	'JTebyasa@ug.ci.org',	0,	'956d2d5467ed373328ee2d165a51c399',	'male',	'0',	'0',	32,	4,	117,	1,	26),
(176,	'Moses',	'Tenderessy M.D.',	'MTenderessy M.D.@ug.ci.org',	0,	'956d2d5467ed373328ee2d165a51c399',	'male',	'0',	'0',	29,	4,	173,	1,	26),
(177,	'Enoch',	'Tindiwegi',	'ETindiwegi@ug.ci.org',	0,	'956d2d5467ed373328ee2d165a51c399',	'male',	'0',	'0',	23,	4,	158,	1,	26),
(178,	'Prim',	'Tumuramye M.D.',	'PTumuramye M.D.@ug.ci.org',	0,	'956d2d5467ed373328ee2d165a51c399',	'female',	'0',	'0',	35,	4,	192,	1,	26),
(179,	'Pheonah',	'Tumwebaze',	'PTumwebaze@ug.ci.org',	0,	'956d2d5467ed373328ee2d165a51c399',	'female',	'0',	'0',	33,	4,	109,	1,	26),
(180,	'Paul',	'Tumwesigye',	'PTumwesigye@ug.ci.org',	0,	'956d2d5467ed373328ee2d165a51c399',	'male',	'0',	'0',	29,	4,	99,	1,	26),
(181,	'Edith',	'Tumwine',	'ETumwine@ug.ci.org',	0,	'956d2d5467ed373328ee2d165a51c399',	'female',	'0',	'0',	29,	4,	99,	1,	26),
(182,	'John',	'Twesiime',	'JTwesiime@ug.ci.org',	0,	'956d2d5467ed373328ee2d165a51c399',	'male',	'0',	'0',	15,	4,	108,	1,	26),
(183,	'Hope',	'Twinomujuni',	'HTwinomujuni@ug.ci.org',	0,	'956d2d5467ed373328ee2d165a51c399',	'female',	'0',	'0',	29,	4,	169,	1,	26),
(184,	'Darcy',	'Uwera',	'DUwera@ug.ci.org',	0,	'956d2d5467ed373328ee2d165a51c399',	'female',	'0',	'0',	16,	8,	97,	1,	26),
(185,	'Jacqueiline',	'Uwera',	'JUwera@ug.ci.org',	0,	'956d2d5467ed373328ee2d165a51c399',	'female',	'0',	'0',	45,	4,	340,	1,	26),
(186,	'Juliet',	'Wabwire',	'JWabwire@ug.ci.org',	0,	'956d2d5467ed373328ee2d165a51c399',	'female',	'0',	'0',	5,	4,	364,	1,	26),
(187,	'Agnes',	'Waeno',	'AWaeno@ug.ci.org',	0,	'956d2d5467ed373328ee2d165a51c399',	'female',	'0',	'0',	29,	4,	173,	1,	26),
(188,	'Alex',	'Wamala',	'AWamala@ug.ci.org',	0,	'956d2d5467ed373328ee2d165a51c399',	'male',	'0',	'0',	2,	4,	108,	1,	26),
(189,	'Samson',	'Wandera',	'SWandera@ug.ci.org',	0,	'956d2d5467ed373328ee2d165a51c399',	'male',	'0',	'0',	29,	4,	173,	1,	26),
(190,	'Ruth',	'Wanyama',	'RWanyama@ug.ci.org',	0,	'956d2d5467ed373328ee2d165a51c399',	'female',	'0',	'0',	29,	4,	169,	1,	26),
(191,	'Andrew',	'Wasirira',	'AWasirira@ug.ci.org',	0,	'956d2d5467ed373328ee2d165a51c399',	'male',	'0',	'0',	5,	4,	0,	1,	26),
(192,	'Godfrey',	'Wayengera',	'GWayengera@ug.ci.org',	0,	'956d2d5467ed373328ee2d165a51c399',	'male',	'0',	'0',	46,	4,	142,	1,	26),
(193,	'Neriah',	'Yalama',	'NYalama@ug.ci.org',	0,	'956d2d5467ed373328ee2d165a51c399',	'female',	'0',	'0',	17,	4,	405,	1,	26),
(194,	'Wake',	'Abodji',	'WAbodji@tg.ci.org',	0,	'956d2d5467ed373328ee2d165a51c399',	'male',	'0',	'0',	32,	4,	228,	1,	29),
(195,	'Komlan',	'ABOULA',	'KABOULA@tg.ci.org',	0,	'956d2d5467ed373328ee2d165a51c399',	'male',	'0',	'0',	32,	4,	228,	1,	29),
(196,	'Komi',	'Adanlessossi',	'KAdanlessossi@tg.ci.org',	0,	'956d2d5467ed373328ee2d165a51c399',	'male',	'0',	'0',	29,	4,	222,	1,	29),
(197,	'Ayawo',	'Adjavon',	'AAdjavon@tg.ci.org',	0,	'956d2d5467ed373328ee2d165a51c399',	'male',	'0',	'0',	55,	4,	203,	1,	29),
(198,	'Guy',	'Adjei',	'GAdjei@tg.ci.org',	0,	'956d2d5467ed373328ee2d165a51c399',	'male',	'0',	'0',	54,	4,	206,	1,	29),
(199,	'Comlan',	'Affanou',	'CAffanou@tg.ci.org',	0,	'956d2d5467ed373328ee2d165a51c399',	'male',	'0',	'0',	29,	4,	222,	1,	29),
(200,	'Kossi',	'Agamakou',	'KAgamakou@tg.ci.org',	0,	'956d2d5467ed373328ee2d165a51c399',	'male',	'0',	'0',	29,	4,	222,	1,	29),
(201,	'Koffi',	'Agbo',	'KAgbo@tg.ci.org',	0,	'956d2d5467ed373328ee2d165a51c399',	'male',	'0',	'0',	33,	4,	226,	1,	29),
(202,	'Kossi',	'Agbokou',	'KAgbokou@tg.ci.org',	0,	'956d2d5467ed373328ee2d165a51c399',	'male',	'0',	'0',	29,	4,	222,	1,	29),
(203,	'Koffi',	'Ahonon',	'KAhonon@tg.ci.org',	0,	'956d2d5467ed373328ee2d165a51c399',	'male',	'0',	'0',	48,	4,	659,	1,	29),
(204,	'Angelique',	'Akamah',	'AAkamah@tg.ci.org',	0,	'956d2d5467ed373328ee2d165a51c399',	'female',	'0',	'0',	23,	4,	234,	1,	29),
(205,	'Teko',	'Akouete',	'TAkouete@tg.ci.org',	0,	'956d2d5467ed373328ee2d165a51c399',	'male',	'0',	'0',	29,	4,	222,	1,	29),
(206,	'Amoudatou',	'Ali-Issifou',	'AAli-Issifou@tg.ci.org',	0,	'956d2d5467ed373328ee2d165a51c399',	'female',	'0',	'0',	46,	4,	659,	1,	29),
(207,	'Viwatin',	'Amedegnato',	'VAmedegnato@tg.ci.org',	0,	'956d2d5467ed373328ee2d165a51c399',	'female',	'0',	'0',	32,	4,	228,	1,	29),
(208,	'Kwami',	'Amlaga',	'KAmlaga@tg.ci.org',	0,	'956d2d5467ed373328ee2d165a51c399',	'male',	'0',	'0',	27,	4,	203,	1,	29),
(209,	'Akoua',	'Amoudji',	'AAmoudji@tg.ci.org',	0,	'956d2d5467ed373328ee2d165a51c399',	'female',	'0',	'0',	32,	4,	228,	1,	29),
(210,	'Adzowoda',	'Amouzou',	'AAmouzou@tg.ci.org',	0,	'956d2d5467ed373328ee2d165a51c399',	'male',	'0',	'0',	29,	4,	222,	1,	29),
(211,	'Ayoko',	'Amouzou',	'AAmouzou@tg.ci.org',	0,	'956d2d5467ed373328ee2d165a51c399',	'female',	'0',	'0',	29,	4,	204,	1,	29),
(212,	'Koffi',	'Atchavi',	'KAtchavi@tg.ci.org',	0,	'956d2d5467ed373328ee2d165a51c399',	'male',	'0',	'0',	29,	4,	222,	1,	29),
(213,	'Gloria',	'Awako',	'GAwako@tg.ci.org',	0,	'956d2d5467ed373328ee2d165a51c399',	'female',	'0',	'0',	1,	4,	467,	1,	29),
(214,	'Eya',	'Ayida',	'EAyida@tg.ci.org',	0,	'956d2d5467ed373328ee2d165a51c399',	'female',	'0',	'0',	29,	4,	222,	1,	29),
(215,	'Atta',	'Ayienou',	'AAyienou@tg.ci.org',	0,	'956d2d5467ed373328ee2d165a51c399',	'male',	'0',	'0',	33,	4,	226,	1,	29),
(216,	'Adjovi',	'Ayite',	'AAyite@tg.ci.org',	0,	'956d2d5467ed373328ee2d165a51c399',	'female',	'0',	'0',	5,	4,	162,	1,	29),
(217,	'Emefa',	'Balo',	'EBalo@tg.ci.org',	0,	'956d2d5467ed373328ee2d165a51c399',	'female',	'0',	'0',	2,	4,	198,	1,	29),
(218,	'Makiliwe',	'Barcola',	'MBarcola@tg.ci.org',	0,	'956d2d5467ed373328ee2d165a51c399',	'male',	'0',	'0',	33,	4,	226,	1,	29),
(219,	'Komlan',	'Bedjra',	'KBedjra@tg.ci.org',	0,	'956d2d5467ed373328ee2d165a51c399',	'male',	'0',	'0',	29,	4,	204,	1,	29),
(220,	'Ligueyabe',	'Bougnangou',	'LBougnangou@tg.ci.org',	0,	'956d2d5467ed373328ee2d165a51c399',	'female',	'0',	'0',	2,	4,	198,	1,	29),
(221,	'Dy-Santa',	'Boutoma',	'DBoutoma@tg.ci.org',	0,	'956d2d5467ed373328ee2d165a51c399',	'male',	'0',	'0',	17,	4,	477,	1,	29),
(222,	'Jean',	'd\'Almeida',	'Jd\'Almeida@tg.ci.org',	0,	'956d2d5467ed373328ee2d165a51c399',	'male',	'0',	'0',	23,	4,	234,	1,	29),
(223,	'Amie',	'Dada',	'ADada@tg.ci.org',	0,	'956d2d5467ed373328ee2d165a51c399',	'female',	'0',	'0',	29,	4,	204,	1,	29),
(224,	'Akossiwa',	'Degbe',	'ADegbe@tg.ci.org',	0,	'956d2d5467ed373328ee2d165a51c399',	'female',	'0',	'0',	37,	4,	197,	1,	29),
(225,	'Baganty',	'Djinadou',	'BDjinadou@tg.ci.org',	0,	'956d2d5467ed373328ee2d165a51c399',	'male',	'0',	'0',	33,	4,	226,	1,	29),
(226,	'Yao',	'Gaglo',	'YGaglo@tg.ci.org',	0,	'956d2d5467ed373328ee2d165a51c399',	'male',	'0',	'0',	25,	4,	203,	1,	29),
(227,	'Koffi',	'Gbagba',	'KGbagba@tg.ci.org',	0,	'956d2d5467ed373328ee2d165a51c399',	'male',	'0',	'0',	35,	4,	206,	1,	29),
(228,	'Kodjovi',	'Gbekou',	'KGbekou@tg.ci.org',	0,	'956d2d5467ed373328ee2d165a51c399',	'male',	'0',	'0',	24,	4,	203,	1,	29),
(229,	'Yawo',	'Gbekou',	'YGbekou@tg.ci.org',	0,	'956d2d5467ed373328ee2d165a51c399',	'male',	'0',	'0',	1,	4,	467,	1,	29),
(230,	'Kokouvi',	'Glakpe',	'KGlakpe@tg.ci.org',	0,	'956d2d5467ed373328ee2d165a51c399',	'male',	'0',	'0',	16,	8,	269,	1,	29),
(231,	'Kodjo',	'Glikou',	'KGlikou@tg.ci.org',	0,	'956d2d5467ed373328ee2d165a51c399',	'male',	'0',	'0',	29,	4,	204,	1,	29),
(232,	'Patrick',	'Holonou',	'PHolonou@tg.ci.org',	0,	'956d2d5467ed373328ee2d165a51c399',	'male',	'0',	'0',	33,	4,	226,	1,	29),
(233,	'Gamele',	'Hounga',	'GHounga@tg.ci.org',	0,	'956d2d5467ed373328ee2d165a51c399',	'male',	'0',	'0',	30,	4,	234,	1,	29),
(234,	'Fianyor',	'Johnson',	'FJohnson@tg.ci.org',	0,	'956d2d5467ed373328ee2d165a51c399',	'male',	'0',	'0',	47,	4,	659,	1,	29),
(235,	'Koffi',	'Kohoun',	'KKohoun@tg.ci.org',	0,	'956d2d5467ed373328ee2d165a51c399',	'male',	'0',	'0',	13,	4,	198,	1,	29),
(236,	'Mawuli',	'Kpodo',	'MKpodo@tg.ci.org',	0,	'956d2d5467ed373328ee2d165a51c399',	'male',	'0',	'0',	29,	4,	204,	1,	29),
(237,	'Balema',	'Laba',	'BLaba@tg.ci.org',	0,	'956d2d5467ed373328ee2d165a51c399',	'male',	'0',	'0',	44,	4,	0,	1,	29),
(238,	'Anku',	'Nyassogbo',	'ANyassogbo@tg.ci.org',	0,	'956d2d5467ed373328ee2d165a51c399',	'male',	'0',	'0',	37,	4,	197,	1,	29),
(239,	'Kokouvi',	'Oevo',	'KOevo@tg.ci.org',	0,	'956d2d5467ed373328ee2d165a51c399',	'male',	'0',	'0',	29,	4,	222,	1,	29),
(240,	'Koffi',	'Ognankotan',	'KOgnankotan@tg.ci.org',	0,	'956d2d5467ed373328ee2d165a51c399',	'male',	'0',	'0',	29,	4,	204,	1,	29),
(241,	'Sodu',	'Saman',	'SSaman@tg.ci.org',	0,	'956d2d5467ed373328ee2d165a51c399',	'male',	'0',	'0',	6,	4,	206,	1,	29),
(242,	'Akpene',	'Samaty',	'ASamaty@tg.ci.org',	0,	'956d2d5467ed373328ee2d165a51c399',	'female',	'0',	'0',	37,	4,	197,	1,	29),
(243,	'Kossi',	'Sepledji',	'KSepledji@tg.ci.org',	0,	'956d2d5467ed373328ee2d165a51c399',	'male',	'0',	'0',	29,	4,	204,	1,	29),
(244,	'Kafui',	'Sitti',	'KSitti@tg.ci.org',	0,	'956d2d5467ed373328ee2d165a51c399',	'female',	'0',	'0',	32,	4,	228,	1,	29),
(245,	'Messan',	'Sodehoudji',	'MSodehoudji@tg.ci.org',	0,	'956d2d5467ed373328ee2d165a51c399',	'male',	'0',	'0',	17,	4,	477,	1,	29),
(246,	'Anan',	'Sogoyou',	'ASogoyou@tg.ci.org',	0,	'956d2d5467ed373328ee2d165a51c399',	'male',	'0',	'0',	29,	4,	204,	1,	29),
(247,	'Assima',	'Tawelessi',	'ATawelessi@tg.ci.org',	0,	'956d2d5467ed373328ee2d165a51c399',	'female',	'0',	'0',	15,	4,	198,	1,	29),
(248,	'Bessanvi',	'Tevi',	'BTevi@tg.ci.org',	0,	'956d2d5467ed373328ee2d165a51c399',	'male',	'0',	'0',	37,	4,	197,	1,	29),
(249,	'Essomanam',	'Toko',	'EToko@tg.ci.org',	0,	'956d2d5467ed373328ee2d165a51c399',	'male',	'0',	'0',	7,	4,	228,	1,	29),
(250,	'Fiavi',	'Tsikplonou',	'FTsikplonou@tg.ci.org',	0,	'956d2d5467ed373328ee2d165a51c399',	'male',	'0',	'0',	37,	4,	197,	1,	29),
(251,	'Seyram',	'Zewu',	'SZewu@tg.ci.org',	0,	'956d2d5467ed373328ee2d165a51c399',	'male',	'0',	'0',	29,	4,	204,	1,	29),
(252,	'Jane',	'Abera',	'JAbera@rw.ci.org',	0,	'956d2d5467ed373328ee2d165a51c399',	'female',	'0',	'0',	26,	4,	283,	1,	27),
(253,	'Yusuf',	'Bahati',	'YBahati@rw.ci.org',	0,	'956d2d5467ed373328ee2d165a51c399',	'male',	'0',	'0',	29,	4,	318,	1,	27),
(254,	'Eugene',	'Bahire',	'EBahire@rw.ci.org',	0,	'956d2d5467ed373328ee2d165a51c399',	'male',	'0',	'0',	52,	4,	252,	1,	27),
(255,	'Gerald',	'Bugingo',	'GBugingo@rw.ci.org',	0,	'956d2d5467ed373328ee2d165a51c399',	'male',	'0',	'0',	51,	4,	266,	1,	27),
(256,	'Emmanuel',	'Gakuba',	'EGakuba@rw.ci.org',	0,	'956d2d5467ed373328ee2d165a51c399',	'male',	'0',	'0',	29,	4,	323,	1,	27),
(257,	'John',	'Gatete Bayingana',	'JGatete Bayingana@rw.ci.org',	0,	'956d2d5467ed373328ee2d165a51c399',	'male',	'0',	'0',	57,	4,	252,	1,	27),
(258,	'Joseph',	'Gatsinzi',	'JGatsinzi@rw.ci.org',	0,	'956d2d5467ed373328ee2d165a51c399',	'male',	'0',	'0',	13,	4,	285,	1,	27),
(259,	'Fiacre',	'Harerimana',	'FHarerimana@rw.ci.org',	0,	'956d2d5467ed373328ee2d165a51c399',	'male',	'0',	'0',	29,	4,	323,	1,	27),
(260,	'Flavien',	'Havugimana',	'FHavugimana@rw.ci.org',	0,	'956d2d5467ed373328ee2d165a51c399',	'male',	'0',	'0',	29,	4,	267,	1,	27),
(261,	'Fridah',	'Ingabire',	'FIngabire@rw.ci.org',	0,	'956d2d5467ed373328ee2d165a51c399',	'female',	'0',	'0',	1,	4,	185,	1,	27),
(262,	'Irene',	'Ingabire',	'IIngabire@rw.ci.org',	0,	'956d2d5467ed373328ee2d165a51c399',	'female',	'0',	'0',	29,	4,	327,	1,	27),
(263,	'Annonciata',	'Kabana',	'AKabana@rw.ci.org',	0,	'956d2d5467ed373328ee2d165a51c399',	'female',	'0',	'0',	16,	8,	284,	1,	27),
(264,	'Julius',	'Kagaba',	'JKagaba@rw.ci.org',	0,	'956d2d5467ed373328ee2d165a51c399',	'male',	'0',	'0',	6,	4,	337,	1,	27),
(265,	'Jovia',	'Kamatenesi',	'JKamatenesi@rw.ci.org',	0,	'956d2d5467ed373328ee2d165a51c399',	'female',	'0',	'0',	29,	4,	267,	1,	27),
(266,	'Esperance',	'Kandera',	'EKandera@rw.ci.org',	0,	'956d2d5467ed373328ee2d165a51c399',	'female',	'0',	'0',	55,	4,	252,	1,	27),
(267,	'Jean',	'Kanyambo',	'JKanyambo@rw.ci.org',	0,	'956d2d5467ed373328ee2d165a51c399',	'male',	'0',	'0',	23,	4,	289,	1,	27),
(268,	'Godfrey',	'Kasekuro',	'GKasekuro@rw.ci.org',	0,	'956d2d5467ed373328ee2d165a51c399',	'male',	'0',	'0',	37,	4,	326,	1,	27),
(269,	'Florentine',	'Kayijire',	'FKayijire@compassion.com',	0,	'956d2d5467ed373328ee2d165a51c399',	'female',	'0',	'0',	10,	8,	0,	1,	27),
(270,	'Eduard',	'Kayitare',	'EKayitare@rw.ci.org',	0,	'956d2d5467ed373328ee2d165a51c399',	'male',	'0',	'0',	29,	4,	267,	1,	27),
(271,	'Speciose',	'Kayitesi',	'SKayitesi@rw.ci.org',	0,	'956d2d5467ed373328ee2d165a51c399',	'female',	'0',	'0',	37,	4,	326,	1,	27),
(272,	'Amanda',	'Kayumba',	'AKayumba@rw.ci.org',	0,	'956d2d5467ed373328ee2d165a51c399',	'female',	'0',	'0',	32,	4,	290,	1,	27),
(273,	'Wilson',	'Kazarwa',	'WKazarwa@rw.ci.org',	0,	'956d2d5467ed373328ee2d165a51c399',	'male',	'0',	'0',	33,	4,	279,	1,	27),
(274,	'Fiona',	'Kirabo',	'FKirabo@rw.ci.org',	0,	'956d2d5467ed373328ee2d165a51c399',	'female',	'0',	'0',	37,	4,	266,	1,	27),
(275,	'Robinah',	'Kobusingye',	'RKobusingye@rw.ci.org',	0,	'956d2d5467ed373328ee2d165a51c399',	'female',	'0',	'0',	29,	4,	327,	1,	27),
(276,	'Emmanuel',	'Kwizera',	'EKwizera@rw.ci.org',	0,	'956d2d5467ed373328ee2d165a51c399',	'male',	'0',	'0',	29,	4,	323,	1,	27),
(277,	'Hope',	'M. Rutimburana',	'HM. Rutimburana@rw.ci.org',	0,	'956d2d5467ed373328ee2d165a51c399',	'female',	'0',	'0',	40,	4,	285,	1,	27),
(278,	'Annet',	'Mbabazi',	'AMbabazi@rw.ci.org',	0,	'956d2d5467ed373328ee2d165a51c399',	'female',	'0',	'0',	37,	4,	326,	1,	27),
(279,	'Moses',	'Mbonigaba',	'MMbonigaba@rw.ci.org',	0,	'956d2d5467ed373328ee2d165a51c399',	'male',	'0',	'0',	25,	4,	283,	1,	27),
(280,	'Jean',	'Mbonyumugenzi',	'JMbonyumugenzi@rw.ci.org',	0,	'956d2d5467ed373328ee2d165a51c399',	'male',	'0',	'0',	17,	4,	405,	1,	27),
(281,	'Jean',	'Mudage',	'JMudage@rw.ci.org',	0,	'956d2d5467ed373328ee2d165a51c399',	'male',	'0',	'0',	14,	4,	285,	1,	27),
(282,	'Emmex',	'Mugabo',	'EMugabo@rw.ci.org',	0,	'956d2d5467ed373328ee2d165a51c399',	'male',	'0',	'0',	32,	4,	290,	1,	27),
(283,	'Etienne',	'Mugema Muhoza',	'EMugema Muhoza@rw.ci.org',	0,	'956d2d5467ed373328ee2d165a51c399',	'male',	'0',	'0',	48,	4,	311,	1,	27),
(284,	'Nathan',	'Mugwisa Karake',	'NMugwisa@rw.ci.org',	0,	'956d2d5467ed373328ee2d165a51c399',	'male',	'0',	'0',	42,	8,	269,	1,	27),
(285,	'Ruth',	'Muhumuza',	'RMuhumuza@rw.ci.org',	0,	'956d2d5467ed373328ee2d165a51c399',	'female',	'0',	'0',	54,	4,	337,	1,	27),
(286,	'Dativa',	'Mukabarinda',	'DMukabarinda@rw.ci.org',	0,	'956d2d5467ed373328ee2d165a51c399',	'female',	'0',	'0',	15,	4,	285,	1,	27),
(287,	'Jacqueline',	'Mukakimenyi',	'JMukakimenyi@rw.ci.org',	0,	'956d2d5467ed373328ee2d165a51c399',	'female',	'0',	'0',	29,	4,	267,	1,	27),
(288,	'Devotha',	'Mukamwezi',	'DMukamwezi@rw.ci.org',	0,	'956d2d5467ed373328ee2d165a51c399',	'female',	'0',	'0',	37,	4,	266,	1,	27),
(289,	'Eugine',	'Muligo',	'EMuligo@rw.ci.org',	0,	'956d2d5467ed373328ee2d165a51c399',	'male',	'0',	'0',	47,	4,	311,	1,	27),
(290,	'Richard',	'Muliisa',	'RMuliisa@rw.ci.org',	0,	'956d2d5467ed373328ee2d165a51c399',	'male',	'0',	'0',	24,	4,	283,	1,	27),
(291,	'Divine',	'Munezero',	'DMunezero@rw.ci.org',	0,	'956d2d5467ed373328ee2d165a51c399',	'female',	'0',	'0',	1,	4,	185,	1,	27),
(292,	'Pauline',	'Munganyinka',	'PMunganyinka@rw.ci.org',	0,	'956d2d5467ed373328ee2d165a51c399',	'female',	'0',	'0',	37,	4,	266,	1,	27),
(293,	'Hassan',	'Murenzi',	'HMurenzi@rw.ci.org',	0,	'956d2d5467ed373328ee2d165a51c399',	'male',	'0',	'0',	29,	4,	327,	1,	27),
(294,	'Straton',	'Murenzi',	'SMurenzi@rw.ci.org',	0,	'956d2d5467ed373328ee2d165a51c399',	'male',	'0',	'0',	15,	4,	285,	1,	27),
(295,	'Anita',	'Musaniwabo',	'AMusaniwabo@rw.ci.org',	0,	'956d2d5467ed373328ee2d165a51c399',	'female',	'0',	'0',	37,	4,	326,	1,	27),
(296,	'Emmanuel',	'Musaza Bugingo',	'EMusaza Bugingo@rw.ci.org',	0,	'956d2d5467ed373328ee2d165a51c399',	'male',	'0',	'0',	29,	4,	327,	1,	27),
(297,	'Fiacre',	'Mutabaruka',	'FMutabaruka@rw.ci.org',	0,	'63e93d3f78eb9a375cb01f39be30d343',	'male',	'0',	'0',	17,	7,	405,	1,	27),
(298,	'Tom',	'Mutembe',	'TMutembe@rw.ci.org',	0,	'956d2d5467ed373328ee2d165a51c399',	'male',	'0',	'0',	29,	4,	318,	1,	27),
(299,	'Betty',	'Mutesi',	'BMutesi@rw.ci.org',	0,	'956d2d5467ed373328ee2d165a51c399',	'female',	'0',	'0',	32,	4,	290,	1,	27),
(300,	'Placide',	'Mwiseneza',	'PMwiseneza@rw.ci.org',	0,	'956d2d5467ed373328ee2d165a51c399',	'male',	'0',	'0',	29,	4,	327,	1,	27),
(301,	'Emmanuel',	'Namurinda',	'ENamurinda@rw.ci.org',	0,	'956d2d5467ed373328ee2d165a51c399',	'male',	'0',	'0',	27,	4,	290,	1,	27),
(302,	'Joseph',	'Natamba',	'JNatamba@rw.ci.org',	0,	'956d2d5467ed373328ee2d165a51c399',	'male',	'0',	'0',	29,	4,	267,	1,	27),
(303,	'Bosco',	'Ndaruhutse Sr.',	'BNdaruhutse Sr.@rw.ci.org',	0,	'956d2d5467ed373328ee2d165a51c399',	'male',	'0',	'0',	5,	4,	503,	1,	27),
(304,	'Jean',	'Ndayihoranye',	'JNdayihoranye@rw.ci.org',	0,	'956d2d5467ed373328ee2d165a51c399',	'male',	'0',	'0',	33,	4,	279,	1,	27),
(305,	'Jean',	'Ndayisaba',	'JNdayisaba@rw.ci.org',	0,	'956d2d5467ed373328ee2d165a51c399',	'male',	'0',	'0',	49,	4,	323,	1,	27),
(306,	'Longin',	'Ndayizeye',	'LNdayizeye@rw.ci.org',	0,	'956d2d5467ed373328ee2d165a51c399',	'male',	'0',	'0',	32,	4,	290,	1,	27),
(307,	'Eugene',	'Nduwayo',	'ENduwayo@rw.ci.org',	0,	'956d2d5467ed373328ee2d165a51c399',	'male',	'0',	'0',	29,	4,	318,	1,	27),
(308,	'Jean',	'Ngarambe',	'JNgarambe@rw.ci.org',	0,	'956d2d5467ed373328ee2d165a51c399',	'male',	'0',	'0',	29,	4,	323,	1,	27),
(309,	'Elyse',	'Niyonzima',	'ENiyonzima@rw.ci.org',	0,	'956d2d5467ed373328ee2d165a51c399',	'male',	'0',	'0',	29,	4,	323,	1,	27),
(310,	'Martin',	'Niyoyita',	'MNiyoyita@rw.ci.org',	0,	'956d2d5467ed373328ee2d165a51c399',	'male',	'0',	'0',	29,	4,	327,	1,	27),
(311,	'John',	'Nkubana',	'JNkubana@rw.ci.org',	0,	'956d2d5467ed373328ee2d165a51c399',	'male',	'0',	'0',	28,	4,	659,	1,	27),
(312,	'Faustin',	'Nkuliza',	'FNkuliza@rw.ci.org',	0,	'956d2d5467ed373328ee2d165a51c399',	'male',	'0',	'0',	29,	4,	318,	1,	27),
(313,	'Daniel',	'Nkurunziza',	'DNkurunziza@rw.ci.org',	0,	'956d2d5467ed373328ee2d165a51c399',	'male',	'0',	'0',	29,	4,	318,	1,	27),
(314,	'Irene',	'Nkwihoreze',	'INkwihoreze@rw.ci.org',	0,	'956d2d5467ed373328ee2d165a51c399',	'female',	'0',	'0',	30,	4,	289,	1,	27),
(315,	'Florien',	'Nsengihora',	'FNsengihora@rw.ci.org',	0,	'956d2d5467ed373328ee2d165a51c399',	'male',	'0',	'0',	1,	4,	185,	1,	27),
(316,	'Jean',	'Nsengimana',	'JNsengimana@rw.ci.org',	0,	'956d2d5467ed373328ee2d165a51c399',	'male',	'0',	'0',	29,	4,	318,	1,	27),
(317,	'Abraham',	'Nshutiyimana',	'ANshutiyimana@rw.ci.org',	0,	'956d2d5467ed373328ee2d165a51c399',	'male',	'0',	'0',	29,	4,	327,	1,	27),
(318,	'Innocent',	'Ntagwabira',	'INtagwabira@rw.ci.org',	0,	'956d2d5467ed373328ee2d165a51c399',	'male',	'0',	'0',	23,	4,	289,	1,	27),
(319,	'Christine',	'Ntakirutimana',	'CNtakirutimana@rw.ci.org',	0,	'956d2d5467ed373328ee2d165a51c399',	'female',	'0',	'0',	7,	4,	290,	1,	27),
(320,	'Floribert',	'Nzabakira',	'FNzabakira@rw.ci.org',	0,	'956d2d5467ed373328ee2d165a51c399',	'male',	'0',	'0',	35,	4,	337,	1,	27),
(321,	'Jean',	'Nzeyimana',	'JNzeyimana@rw.ci.org',	0,	'956d2d5467ed373328ee2d165a51c399',	'male',	'0',	'0',	29,	4,	327,	1,	27),
(322,	'Octave',	'Rukundo',	'ORukundo@rw.ci.org',	0,	'956d2d5467ed373328ee2d165a51c399',	'male',	'0',	'0',	29,	4,	318,	1,	27),
(323,	'Sylvain',	'Rurangwa',	'SRurangwa@rw.ci.org',	0,	'956d2d5467ed373328ee2d165a51c399',	'male',	'0',	'0',	23,	4,	289,	1,	27),
(324,	'Edward',	'Rutabingwa',	'ERutabingwa@rw.ci.org',	0,	'956d2d5467ed373328ee2d165a51c399',	'male',	'0',	'0',	33,	4,	279,	1,	27),
(325,	'Christopher',	'Rwagasore',	'CRwagasore@rw.ci.org',	0,	'956d2d5467ed373328ee2d165a51c399',	'male',	'0',	'0',	33,	4,	279,	1,	27),
(326,	'Stephen',	'Saano',	'SSaano@rw.ci.org',	0,	'956d2d5467ed373328ee2d165a51c399',	'male',	'0',	'0',	55,	4,	252,	1,	27),
(327,	'Azarias',	'Sebikamiro',	'ASebikamiro@rw.ci.org',	0,	'956d2d5467ed373328ee2d165a51c399',	'male',	'0',	'0',	23,	4,	289,	1,	27),
(328,	'William',	'Sendihe Nzitubundi',	'WSendihe Nzitubundi@rw.ci.org',	0,	'956d2d5467ed373328ee2d165a51c399',	'male',	'0',	'0',	33,	4,	279,	1,	27),
(329,	'Clemantine',	'Sezerano',	'CSezerano@rw.ci.org',	0,	'956d2d5467ed373328ee2d165a51c399',	'female',	'0',	'0',	32,	4,	290,	1,	27),
(330,	'Innocent',	'Simba',	'ISimba@rw.ci.org',	0,	'956d2d5467ed373328ee2d165a51c399',	'male',	'0',	'0',	29,	4,	323,	1,	27),
(331,	'Emmanuel',	'Tulinomubeezi',	'ETulinomubeezi@rw.ci.org',	0,	'956d2d5467ed373328ee2d165a51c399',	'male',	'0',	'0',	32,	4,	290,	1,	27),
(332,	'Allen',	'Umuganwa',	'AUmuganwa@rw.ci.org',	0,	'956d2d5467ed373328ee2d165a51c399',	'female',	'0',	'0',	33,	4,	279,	1,	27),
(333,	'Doreen',	'Umutesi',	'DUmutesi@rw.ci.org',	0,	'956d2d5467ed373328ee2d165a51c399',	'female',	'0',	'0',	31,	4,	394,	1,	27),
(334,	'Emmanuel',	'Urimubenshi',	'EUrimubenshi@rw.ci.org',	0,	'956d2d5467ed373328ee2d165a51c399',	'male',	'0',	'0',	29,	4,	323,	1,	27),
(335,	'Eugenie',	'Uwamariya',	'EUwamariya@rw.ci.org',	0,	'956d2d5467ed373328ee2d165a51c399',	'female',	'0',	'0',	37,	4,	326,	1,	27),
(336,	'Perpetue',	'Uwambaye',	'PUwambaye@rw.ci.org',	0,	'956d2d5467ed373328ee2d165a51c399',	'female',	'0',	'0',	36,	4,	285,	1,	27),
(337,	'Pascasie',	'Uwimana',	'PUwimana@rw.ci.org',	0,	'956d2d5467ed373328ee2d165a51c399',	'female',	'0',	'0',	46,	4,	311,	1,	27),
(338,	'Jean',	'Uwintije',	'JUwintije@rw.ci.org',	0,	'956d2d5467ed373328ee2d165a51c399',	'male',	'0',	'0',	29,	4,	318,	1,	27),
(339,	'Diane',	'Uwitonze',	'DUwitonze@rw.ci.org',	0,	'956d2d5467ed373328ee2d165a51c399',	'female',	'0',	'0',	37,	4,	266,	1,	27),
(340,	'Godfrey',	'Zimulinda',	'GZimulinda@rw.ci.org',	0,	'956d2d5467ed373328ee2d165a51c399',	'male',	'0',	'0',	9,	4,	0,	1,	27),
(341,	'James',	'Aginga',	'JAginga@ke.ci.org',	0,	'956d2d5467ed373328ee2d165a51c399',	'male',	'0',	'0',	32,	4,	392,	1,	25),
(342,	'Johnbosco',	'Andolo',	'JAndolo@ke.ci.org',	0,	'956d2d5467ed373328ee2d165a51c399',	'male',	'0',	'0',	32,	4,	392,	1,	25),
(343,	'Cammonde',	'Andunga',	'CAndunga@ke.ci.org',	0,	'956d2d5467ed373328ee2d165a51c399',	'male',	'0',	'0',	29,	4,	400,	1,	25),
(344,	'Jane',	'Atuo',	'JAtuo@ke.ci.org',	0,	'956d2d5467ed373328ee2d165a51c399',	'female',	'0',	'0',	1,	4,	373,	1,	25),
(345,	'Lauryne',	'Ayoti',	'LAyoti@ke.ci.org',	0,	'956d2d5467ed373328ee2d165a51c399',	'female',	'0',	'0',	37,	4,	418,	1,	25),
(346,	'Leah',	'Bett',	'LBett@ke.ci.org',	0,	'956d2d5467ed373328ee2d165a51c399',	'female',	'0',	'0',	32,	4,	438,	1,	25),
(347,	'Doreen',	'Bosire',	'DBosire@ke.ci.org',	0,	'956d2d5467ed373328ee2d165a51c399',	'female',	'0',	'0',	2,	4,	397,	1,	25),
(348,	'Joyce',	'Chebunyei',	'JChebunyei@ke.ci.org',	0,	'956d2d5467ed373328ee2d165a51c399',	'female',	'0',	'0',	5,	4,	162,	1,	25),
(349,	'Elly',	'Chengo',	'EChengo@ke.ci.org',	0,	'956d2d5467ed373328ee2d165a51c399',	'male',	'0',	'0',	29,	4,	351,	1,	25),
(350,	'Joseph',	'Diba',	'JDiba@ke.ci.org',	0,	'956d2d5467ed373328ee2d165a51c399',	'male',	'0',	'0',	29,	4,	433,	1,	25),
(351,	'Mark',	'Egelan',	'MEgelan@ke.ci.org',	0,	'956d2d5467ed373328ee2d165a51c399',	'male',	'0',	'0',	23,	4,	377,	1,	25),
(352,	'Brenda',	'Etukei',	'BEtukei@ke.ci.org',	0,	'956d2d5467ed373328ee2d165a51c399',	'female',	'0',	'0',	7,	4,	438,	1,	25),
(353,	'Harun',	'Gachanja',	'HGachanja@ke.ci.org',	0,	'956d2d5467ed373328ee2d165a51c399',	'male',	'0',	'0',	29,	4,	432,	1,	25),
(354,	'Elkanah',	'Gitere',	'EGitere@ke.ci.org',	0,	'956d2d5467ed373328ee2d165a51c399',	'male',	'0',	'0',	30,	4,	377,	1,	25),
(355,	'Wanja',	'Harrison',	'WHarrison@ke.ci.org',	0,	'956d2d5467ed373328ee2d165a51c399',	'female',	'0',	'0',	2,	4,	409,	1,	25),
(356,	'Irene',	'Jabanda',	'IJabanda@ke.ci.org',	0,	'956d2d5467ed373328ee2d165a51c399',	'female',	'0',	'0',	37,	4,	418,	1,	25),
(357,	'Daniel',	'Jalang\'o',	'DJalang\'o@ke.ci.org',	0,	'956d2d5467ed373328ee2d165a51c399',	'male',	'0',	'0',	29,	4,	351,	1,	25),
(358,	'Samuel',	'Kagundu',	'SKagundu@ke.ci.org',	0,	'956d2d5467ed373328ee2d165a51c399',	'male',	'0',	'0',	5,	4,	162,	1,	25),
(359,	'Jael',	'Kamakil',	'JKamakil@ke.ci.org',	0,	'956d2d5467ed373328ee2d165a51c399',	'female',	'0',	'0',	29,	4,	400,	1,	25),
(360,	'Rose',	'Khaemba',	'RKhaemba@ke.ci.org',	0,	'956d2d5467ed373328ee2d165a51c399',	'female',	'0',	'0',	37,	4,	418,	1,	25),
(361,	'Raphael',	'Kilonzo',	'RKilonzo@ke.ci.org',	0,	'956d2d5467ed373328ee2d165a51c399',	'male',	'0',	'0',	1,	4,	373,	1,	25),
(362,	'George',	'Kimani',	'GKimani@ke.ci.org',	0,	'956d2d5467ed373328ee2d165a51c399',	'male',	'0',	'0',	3,	4,	385,	1,	25),
(363,	'Irene',	'Kimani',	'IKimani@ke.ci.org',	0,	'956d2d5467ed373328ee2d165a51c399',	'female',	'0',	'0',	32,	4,	438,	1,	25),
(364,	'Jacquiline',	'Kinuthia',	'JKinuthia@ke.ci.org',	0,	'956d2d5467ed373328ee2d165a51c399',	'female',	'0',	'0',	53,	4,	375,	1,	25),
(365,	'Irene',	'Kituku',	'IKituku@ke.ci.org',	0,	'956d2d5467ed373328ee2d165a51c399',	'female',	'0',	'0',	29,	4,	432,	1,	25),
(366,	'Benjamin',	'Kivuva',	'BKivuva@ke.ci.org',	0,	'956d2d5467ed373328ee2d165a51c399',	'male',	'0',	'0',	29,	4,	400,	1,	25),
(367,	'James',	'Kyalo',	'JKyalo@ke.ci.org',	0,	'956d2d5467ed373328ee2d165a51c399',	'male',	'0',	'0',	25,	4,	437,	1,	25),
(368,	'Lucas',	'Leiro',	'LLeiro@ke.ci.org',	0,	'956d2d5467ed373328ee2d165a51c399',	'male',	'0',	'0',	29,	4,	433,	1,	25),
(369,	'Clayton',	'Likumba',	'CLikumba@ke.ci.org',	0,	'956d2d5467ed373328ee2d165a51c399',	'male',	'0',	'0',	29,	4,	400,	1,	25),
(370,	'Tabitha',	'Loko',	'TLoko@ke.ci.org',	0,	'956d2d5467ed373328ee2d165a51c399',	'female',	'0',	'0',	37,	4,	418,	1,	25),
(371,	'Evans',	'Macharia',	'EMacharia@ke.ci.org',	0,	'956d2d5467ed373328ee2d165a51c399',	'male',	'0',	'0',	33,	4,	367,	1,	25),
(372,	'Joel',	'Macharia',	'JMacharia@ke.ci.org',	0,	'956d2d5467ed373328ee2d165a51c399',	'male',	'0',	'0',	28,	4,	659,	1,	25),
(373,	'Macharia',	'Macharia',	'MMacharia@ke.ci.org',	0,	'956d2d5467ed373328ee2d165a51c399',	'male',	'0',	'0',	45,	4,	340,	1,	25),
(374,	'Beatrice',	'Maina',	'BMaina@ke.ci.org',	0,	'956d2d5467ed373328ee2d165a51c399',	'female',	'0',	'0',	32,	4,	392,	1,	25),
(375,	'John',	'Matuti',	'JMatuti@ke.ci.org',	0,	'956d2d5467ed373328ee2d165a51c399',	'male',	'0',	'0',	19,	4,	0,	1,	25),
(376,	'Patricia',	'Mghendi',	'PMghendi@ke.ci.org',	0,	'956d2d5467ed373328ee2d165a51c399',	'female',	'0',	'0',	33,	4,	367,	1,	25),
(377,	'Newton',	'Midamba',	'NMidamba@ke.ci.org',	0,	'956d2d5467ed373328ee2d165a51c399',	'male',	'0',	'0',	47,	4,	372,	1,	25),
(378,	'Zacharia',	'Minyiri',	'ZMinyiri@ke.ci.org',	0,	'956d2d5467ed373328ee2d165a51c399',	'male',	'0',	'0',	29,	4,	351,	1,	25),
(379,	'Benjamin',	'Muema',	'BMuema@ke.ci.org',	0,	'956d2d5467ed373328ee2d165a51c399',	'male',	'0',	'0',	29,	4,	432,	1,	25),
(380,	'Justus',	'Muinde',	'JMuinde@ke.ci.org',	0,	'956d2d5467ed373328ee2d165a51c399',	'male',	'0',	'0',	42,	8,	269,	1,	25),
(381,	'Jane',	'Mukua',	'JMukua@ke.ci.org',	0,	'956d2d5467ed373328ee2d165a51c399',	'female',	'0',	'0',	29,	4,	400,	1,	25),
(382,	'Geoffrey',	'Mulusa',	'GMulusa@ke.ci.org',	0,	'956d2d5467ed373328ee2d165a51c399',	'male',	'0',	'0',	6,	4,	386,	1,	25),
(383,	'Aileen',	'Munga',	'AMunga@ke.ci.org',	0,	'956d2d5467ed373328ee2d165a51c399',	'female',	'0',	'0',	29,	4,	400,	1,	25),
(384,	'Caleb',	'Munyoki',	'CMunyoki@ke.ci.org',	0,	'956d2d5467ed373328ee2d165a51c399',	'male',	'0',	'0',	29,	4,	432,	1,	25),
(385,	'David',	'Muriuki',	'DMuriuki@ke.ci.org',	0,	'956d2d5467ed373328ee2d165a51c399',	'male',	'0',	'0',	11,	4,	0,	1,	25),
(386,	'Christine',	'Musau',	'CMusau@ke.ci.org',	0,	'956d2d5467ed373328ee2d165a51c399',	'female',	'0',	'0',	46,	4,	372,	1,	25),
(387,	'Isaac',	'Musau',	'IMusau@ke.ci.org',	0,	'956d2d5467ed373328ee2d165a51c399',	'male',	'0',	'0',	16,	8,	380,	1,	25),
(388,	'Peter',	'Musyoki',	'PMusyoki@ke.ci.org',	0,	'956d2d5467ed373328ee2d165a51c399',	'male',	'0',	'0',	29,	4,	432,	1,	25),
(389,	'Miriam',	'Mutuku',	'MMutuku@ke.ci.org',	0,	'956d2d5467ed373328ee2d165a51c399',	'female',	'0',	'0',	32,	4,	392,	1,	25),
(390,	'Nicodemus',	'Mwambire',	'NKarisa@ke.ci.org',	1,	'956d2d5467ed373328ee2d165a51c399',	'male',	'0',	'0',	3,	7,	385,	1,	25),
(391,	'Sarah',	'Mwamburi',	'SMwamburi@ke.ci.org',	0,	'956d2d5467ed373328ee2d165a51c399',	'female',	'0',	'0',	29,	4,	400,	1,	25),
(392,	'Samwel',	'Mwangi',	'SMwangi@ke.ci.org',	0,	'956d2d5467ed373328ee2d165a51c399',	'male',	'0',	'0',	24,	4,	437,	1,	25),
(393,	'Sarah',	'Mwangi',	'SMwangi@ke.ci.org',	0,	'956d2d5467ed373328ee2d165a51c399',	'female',	'0',	'0',	29,	4,	433,	1,	25),
(394,	'Silas',	'Mwangi',	'SMwangi@ke.ci.org',	0,	'956d2d5467ed373328ee2d165a51c399',	'male',	'0',	'0',	22,	4,	0,	1,	25),
(395,	'Eunice',	'Mwariri',	'EMwariri@ke.ci.org',	0,	'956d2d5467ed373328ee2d165a51c399',	'female',	'0',	'0',	32,	4,	438,	1,	25),
(396,	'Shadrack',	'Nakua',	'SNakua@ke.ci.org',	0,	'956d2d5467ed373328ee2d165a51c399',	'male',	'0',	'0',	29,	4,	351,	1,	25),
(397,	'Catherine',	'Naliaka',	'CNaliaka@ke.ci.org',	0,	'956d2d5467ed373328ee2d165a51c399',	'female',	'0',	'0',	12,	4,	0,	1,	25),
(398,	'Anne',	'Ndiema',	'AKakenya@ke.ci.org',	0,	'956d2d5467ed373328ee2d165a51c399',	'female',	'0',	'0',	42,	8,	269,	1,	25),
(399,	'Martin',	'Ngacha',	'MNgacha@ke.ci.org',	0,	'956d2d5467ed373328ee2d165a51c399',	'male',	'0',	'0',	29,	4,	433,	1,	25),
(400,	'Esther',	'Nganga',	'ENganga@ke.ci.org',	0,	'956d2d5467ed373328ee2d165a51c399',	'female',	'0',	'0',	23,	4,	377,	1,	25),
(401,	'Peter',	'Ngigi',	'PNgigi@ke.ci.org',	0,	'956d2d5467ed373328ee2d165a51c399',	'male',	'0',	'0',	27,	4,	392,	1,	25),
(402,	'Joyce',	'Njagi',	'JNjagi@ke.ci.org',	0,	'956d2d5467ed373328ee2d165a51c399',	'female',	'0',	'0',	50,	4,	397,	1,	25),
(403,	'Stephen',	'Njoroge',	'SNjoroge@ke.ci.org',	0,	'956d2d5467ed373328ee2d165a51c399',	'male',	'0',	'0',	50,	4,	461,	1,	25),
(404,	'Doreen',	'Njue',	'DNjue@ke.ci.org',	0,	'956d2d5467ed373328ee2d165a51c399',	'female',	'0',	'0',	5,	4,	162,	1,	25),
(405,	'Julius',	'Njuru',	'JMuchori@ke.ci.org',	0,	'956d2d5467ed373328ee2d165a51c399',	'male',	'0',	'0',	20,	7,	385,	1,	25),
(406,	'Thomas',	'Nyabera',	'TNyabera@ke.ci.org',	0,	'956d2d5467ed373328ee2d165a51c399',	'male',	'0',	'0',	29,	4,	432,	1,	25),
(407,	'Elisham',	'Nyamwata',	'ENyamwata@ke.ci.org',	0,	'956d2d5467ed373328ee2d165a51c399',	'male',	'0',	'0',	29,	4,	351,	1,	25),
(408,	'Caroline',	'Nzau',	'CNzau@ke.ci.org',	0,	'956d2d5467ed373328ee2d165a51c399',	'female',	'0',	'0',	57,	4,	418,	1,	25),
(409,	'Linet',	'Ochieng',	'LOchieng@ke.ci.org',	0,	'956d2d5467ed373328ee2d165a51c399',	'female',	'0',	'0',	54,	4,	386,	1,	25),
(410,	'VELMA',	'ODHIAMBO',	'VODHIAMBO@ke.ci.org',	0,	'956d2d5467ed373328ee2d165a51c399',	'female',	'0',	'0',	33,	4,	367,	1,	25),
(411,	'Jorum',	'Odiemo',	'JOdiemo@ke.ci.org',	0,	'956d2d5467ed373328ee2d165a51c399',	'male',	'0',	'0',	56,	4,	385,	1,	25),
(412,	'Lavine',	'Odindo',	'LOdindo@ke.ci.org',	0,	'956d2d5467ed373328ee2d165a51c399',	'female',	'0',	'0',	29,	4,	433,	1,	25),
(413,	'Isaac',	'Ogila',	'IOgila@ke.ci.org',	0,	'956d2d5467ed373328ee2d165a51c399',	'male',	'0',	'0',	31,	4,	394,	1,	25),
(414,	'Papoi',	'Okiru',	'POkiru@ke.ci.org',	0,	'956d2d5467ed373328ee2d165a51c399',	'male',	'0',	'0',	4,	4,	0,	1,	25),
(415,	'Emmanuel',	'Okonda',	'EOkonda@ke.ci.org',	0,	'956d2d5467ed373328ee2d165a51c399',	'male',	'0',	'0',	29,	4,	433,	1,	25),
(416,	'Samuel',	'Ole Saiyorri',	'SOle Saiyorri@ke.ci.org',	0,	'956d2d5467ed373328ee2d165a51c399',	'male',	'0',	'0',	29,	4,	433,	1,	25),
(417,	'Billups',	'Omido',	'BOmido@ke.ci.org',	0,	'956d2d5467ed373328ee2d165a51c399',	'male',	'0',	'0',	29,	4,	400,	1,	25),
(418,	'Kennedy',	'Omugah',	'KOmugah@ke.ci.org',	0,	'956d2d5467ed373328ee2d165a51c399',	'male',	'0',	'0',	26,	4,	437,	1,	25),
(419,	'Floice',	'Ondik',	'FOndik@ke.ci.org',	0,	'956d2d5467ed373328ee2d165a51c399',	'female',	'0',	'0',	1,	4,	373,	1,	25),
(420,	'Livingstone',	'Onduso',	'LOnduso@ke.ci.org',	0,	'956d2d5467ed373328ee2d165a51c399',	'male',	'0',	'0',	8,	4,	0,	1,	25),
(421,	'Catherine',	'Onyango',	'COnyango@ke.ci.org',	0,	'956d2d5467ed373328ee2d165a51c399',	'female',	'0',	'0',	2,	4,	409,	1,	25),
(422,	'George',	'Onyango',	'GOnyango@ke.ci.org',	0,	'956d2d5467ed373328ee2d165a51c399',	'male',	'0',	'0',	13,	4,	409,	1,	25),
(423,	'Fredrick',	'Otieno',	'FOtieno@ke.ci.org',	0,	'956d2d5467ed373328ee2d165a51c399',	'male',	'0',	'0',	32,	4,	438,	1,	25),
(424,	'Moses',	'Ouko',	'MOuko@ke.ci.org',	0,	'956d2d5467ed373328ee2d165a51c399',	'male',	'0',	'0',	17,	4,	405,	1,	25),
(425,	'Beatrice',	'Ruiru',	'BRuiru@ke.ci.org',	0,	'956d2d5467ed373328ee2d165a51c399',	'female',	'0',	'0',	29,	4,	433,	1,	25),
(426,	'Susan',	'Rupia',	'SRupia@ke.ci.org',	0,	'956d2d5467ed373328ee2d165a51c399',	'female',	'0',	'0',	57,	4,	418,	1,	25),
(427,	'Julius',	'Sankok',	'JSankok@ke.ci.org',	0,	'956d2d5467ed373328ee2d165a51c399',	'male',	'0',	'0',	17,	4,	405,	1,	25),
(428,	'Alex',	'Shiguri',	'AShiguri@ke.ci.org',	0,	'956d2d5467ed373328ee2d165a51c399',	'male',	'0',	'0',	29,	4,	351,	1,	25),
(429,	'Keller',	'Shikuku',	'KShikuku@ke.ci.org',	0,	'956d2d5467ed373328ee2d165a51c399',	'male',	'0',	'0',	51,	4,	418,	1,	25),
(430,	'Jackson',	'Shukuruh',	'JShukuruh@ke.ci.org',	0,	'956d2d5467ed373328ee2d165a51c399',	'male',	'0',	'0',	29,	4,	400,	1,	25),
(431,	'Richard',	'Sijenyi',	'RSijenyi@ke.ci.org',	0,	'956d2d5467ed373328ee2d165a51c399',	'male',	'0',	'0',	29,	4,	351,	1,	25),
(432,	'Eugene',	'Situma',	'ESituma@ke.ci.org',	0,	'956d2d5467ed373328ee2d165a51c399',	'male',	'0',	'0',	23,	4,	377,	1,	25),
(433,	'Robert',	'Thirinje',	'RThirinje@ke.ci.org',	0,	'956d2d5467ed373328ee2d165a51c399',	'male',	'0',	'0',	23,	4,	377,	1,	25),
(434,	'Stephen',	'Uiru',	'SUiru@ke.ci.org',	0,	'956d2d5467ed373328ee2d165a51c399',	'male',	'0',	'0',	29,	4,	433,	1,	25),
(435,	'Justus',	'Vidolo',	'JVidolo@ke.ci.org',	0,	'956d2d5467ed373328ee2d165a51c399',	'male',	'0',	'0',	57,	4,	418,	1,	25),
(436,	'Emily',	'Wairimu',	'EWairimu@ke.ci.org',	0,	'956d2d5467ed373328ee2d165a51c399',	'female',	'0',	'0',	37,	4,	418,	1,	25),
(437,	'Samuel',	'Wambugu',	'SWambugu@ke.ci.org',	0,	'956d2d5467ed373328ee2d165a51c399',	'male',	'0',	'0',	48,	4,	372,	1,	25),
(438,	'Catherine',	'Wamiti',	'CWamiti@ke.ci.org',	0,	'956d2d5467ed373328ee2d165a51c399',	'female',	'0',	'0',	24,	4,	437,	1,	25),
(439,	'Kennedy',	'Wanjala',	'KWanjala@ke.ci.org',	0,	'956d2d5467ed373328ee2d165a51c399',	'male',	'0',	'0',	14,	4,	409,	1,	25),
(440,	'Simon',	'Wanjohi',	'SWanjohi@ke.ci.org',	0,	'956d2d5467ed373328ee2d165a51c399',	'male',	'0',	'0',	29,	4,	432,	1,	25),
(441,	'Danson',	'Waweru',	'DWaweru@ke.ci.org',	0,	'956d2d5467ed373328ee2d165a51c399',	'male',	'0',	'0',	37,	4,	418,	1,	25),
(442,	'Kipyegon',	'Yator',	'KYator@ke.ci.org',	0,	'956d2d5467ed373328ee2d165a51c399',	'male',	'0',	'0',	29,	4,	432,	1,	25),
(443,	'Felix',	'Aboagye',	'FAboagye@gh.ci.org',	0,	'956d2d5467ed373328ee2d165a51c399',	'male',	'0',	'0',	6,	4,	485,	1,	31),
(444,	'McCarl',	'Abusah',	'MAbusah@gh.ci.org',	0,	'956d2d5467ed373328ee2d165a51c399',	'male',	'0',	'0',	37,	4,	516,	1,	31),
(445,	'Emmanuel',	'Acquah',	'EAcquah@gh.ci.org',	0,	'956d2d5467ed373328ee2d165a51c399',	'male',	'0',	'0',	29,	4,	456,	1,	31),
(446,	'Amos',	'Adams',	'AAdams@gh.ci.org',	0,	'956d2d5467ed373328ee2d165a51c399',	'male',	'0',	'0',	37,	4,	516,	1,	31),
(447,	'Alex',	'Adenyo',	'AAdenyo@gh.ci.org',	0,	'956d2d5467ed373328ee2d165a51c399',	'male',	'0',	'0',	29,	4,	482,	1,	31),
(448,	'Emily',	'Adevor',	'EAdevor@gh.ci.org',	0,	'956d2d5467ed373328ee2d165a51c399',	'female',	'0',	'0',	29,	4,	482,	1,	31),
(449,	'Daniel',	'Adjei',	'DAdjei@gh.ci.org',	0,	'956d2d5467ed373328ee2d165a51c399',	'male',	'0',	'0',	37,	4,	516,	1,	31),
(450,	'Daniel',	'Afriyie',	'DAfriyie@gh.ci.org',	0,	'956d2d5467ed373328ee2d165a51c399',	'male',	'0',	'0',	17,	4,	477,	1,	31),
(451,	'Linda',	'Agbehiadzie',	'LAgbehiadzie@gh.ci.org',	0,	'956d2d5467ed373328ee2d165a51c399',	'female',	'0',	'0',	36,	4,	488,	1,	31),
(452,	'Supreme',	'Agbovi',	'SAgbovi@gh.ci.org',	0,	'956d2d5467ed373328ee2d165a51c399',	'male',	'0',	'0',	32,	4,	500,	1,	31),
(453,	'Padmore',	'Agyapong',	'PAgyapong@gh.ci.org',	0,	'956d2d5467ed373328ee2d165a51c399',	'male',	'0',	'0',	50,	4,	397,	1,	31),
(454,	'Victoria',	'Agyedenah',	'VAgyedenah@gh.ci.org',	0,	'956d2d5467ed373328ee2d165a51c399',	'female',	'0',	'0',	1,	4,	467,	1,	31),
(455,	'Nana',	'Agyeman',	'NAgyeman@gh.ci.org',	0,	'956d2d5467ed373328ee2d165a51c399',	'female',	'0',	'0',	2,	4,	488,	1,	31),
(456,	'Michael',	'Akpaloo',	'MAkpaloo@gh.ci.org',	0,	'956d2d5467ed373328ee2d165a51c399',	'male',	'0',	'0',	23,	4,	470,	1,	31),
(457,	'Ophelia',	'Ampomah-Benefo',	'OAmpomah-Benefo@gh.ci.org',	0,	'956d2d5467ed373328ee2d165a51c399',	'female',	'0',	'0',	29,	4,	482,	1,	31),
(458,	'Florence',	'Amponsah',	'FAmponsah@gh.ci.org',	0,	'956d2d5467ed373328ee2d165a51c399',	'female',	'0',	'0',	48,	4,	462,	1,	31),
(459,	'Judith',	'Ankomah',	'JAnkomah@gh.ci.org',	0,	'956d2d5467ed373328ee2d165a51c399',	'female',	'0',	'0',	29,	4,	482,	1,	31),
(460,	'Patience',	'Antonio',	'PAntonio@gh.ci.org',	0,	'956d2d5467ed373328ee2d165a51c399',	'female',	'0',	'0',	25,	4,	458,	1,	31),
(461,	'Peter',	'Apaliwen',	'PApaliwen@gh.ci.org',	0,	'956d2d5467ed373328ee2d165a51c399',	'male',	'0',	'0',	50,	4,	0,	1,	31),
(462,	'Gifty',	'Appiah',	'GAppiah@gh.ci.org',	0,	'956d2d5467ed373328ee2d165a51c399',	'female',	'0',	'0',	28,	4,	659,	1,	31),
(463,	'Joseph',	'Appiah',	'JAppiah@gh.ci.org',	0,	'956d2d5467ed373328ee2d165a51c399',	'male',	'0',	'0',	33,	4,	460,	1,	31),
(464,	'Stephen',	'Appiah',	'SAppiah@gh.ci.org',	0,	'956d2d5467ed373328ee2d165a51c399',	'male',	'0',	'0',	29,	4,	456,	1,	31),
(465,	'Ishmael',	'Armah',	'IArmah@gh.ci.org',	0,	'956d2d5467ed373328ee2d165a51c399',	'male',	'0',	'0',	29,	4,	456,	1,	31),
(466,	'Obed',	'Arthur',	'OArthur@gh.ci.org',	0,	'956d2d5467ed373328ee2d165a51c399',	'male',	'0',	'0',	29,	4,	517,	1,	31),
(467,	'Archibald',	'Aryee',	'AAryee@gh.ci.org',	0,	'956d2d5467ed373328ee2d165a51c399',	'male',	'0',	'0',	45,	4,	340,	1,	31),
(468,	'Daniel',	'Asante',	'DAsante@gh.ci.org',	0,	'956d2d5467ed373328ee2d165a51c399',	'male',	'0',	'0',	32,	4,	500,	1,	31),
(469,	'Fredrick',	'Asante',	'FAsante@gh.ci.org',	0,	'956d2d5467ed373328ee2d165a51c399',	'male',	'0',	'0',	29,	4,	456,	1,	31),
(470,	'Benjamin',	'Asare Yeboah',	'BAsare Yeboah@gh.ci.org',	0,	'956d2d5467ed373328ee2d165a51c399',	'male',	'0',	'0',	47,	4,	462,	1,	31),
(471,	'Randy',	'Asiedu',	'RAsiedu@gh.ci.org',	0,	'956d2d5467ed373328ee2d165a51c399',	'male',	'0',	'0',	37,	4,	516,	1,	31),
(472,	'Seth',	'Awuku',	'SAwuku@gh.ci.org',	0,	'956d2d5467ed373328ee2d165a51c399',	'male',	'0',	'0',	39,	4,	467,	1,	31),
(473,	'Benedicta',	'Badu',	'BBadu@gh.ci.org',	0,	'956d2d5467ed373328ee2d165a51c399',	'female',	'0',	'0',	32,	4,	500,	1,	31),
(474,	'Belinda',	'Baffour-Nsafoah',	'BBaffour-Nsafoah@gh.ci.org',	0,	'956d2d5467ed373328ee2d165a51c399',	'female',	'0',	'0',	7,	4,	500,	1,	31),
(475,	'Richard',	'Baku',	'RBaku@gh.ci.org',	0,	'956d2d5467ed373328ee2d165a51c399',	'male',	'0',	'0',	29,	4,	482,	1,	31),
(476,	'Anthony',	'Bansah',	'ABansah@gh.ci.org',	0,	'956d2d5467ed373328ee2d165a51c399',	'male',	'0',	'0',	29,	4,	517,	1,	31),
(477,	'Fidel',	'Botchway',	'FBotchway@gh.ci.org',	0,	'956d2d5467ed373328ee2d165a51c399',	'male',	'0',	'0',	20,	4,	385,	1,	31),
(478,	'Ato',	'Brent-Eshun',	'ABrent-Eshun@gh.ci.org',	0,	'956d2d5467ed373328ee2d165a51c399',	'male',	'0',	'0',	33,	4,	460,	1,	31),
(479,	'Justice',	'Dadson',	'JDadson@gh.ci.org',	0,	'956d2d5467ed373328ee2d165a51c399',	'male',	'0',	'0',	49,	4,	517,	1,	31),
(480,	'Wisdom',	'Damalie',	'WDamalie@gh.ci.org',	0,	'956d2d5467ed373328ee2d165a51c399',	'male',	'0',	'0',	14,	4,	488,	1,	31),
(481,	'Wilberforce',	'Darko',	'WDarko@gh.ci.org',	0,	'956d2d5467ed373328ee2d165a51c399',	'male',	'0',	'0',	37,	4,	516,	1,	31),
(482,	'Patricia',	'Dotse',	'PDotse@gh.ci.org',	0,	'956d2d5467ed373328ee2d165a51c399',	'female',	'0',	'0',	23,	4,	470,	1,	31),
(483,	'Ethel',	'Drah',	'EDrah@gh.ci.org',	0,	'956d2d5467ed373328ee2d165a51c399',	'female',	'0',	'0',	33,	4,	460,	1,	31),
(484,	'Deborah',	'Duodu',	'DDuodu@gh.ci.org',	0,	'956d2d5467ed373328ee2d165a51c399',	'female',	'0',	'0',	37,	4,	516,	1,	31),
(485,	'Janice',	'Edzie',	'JEdzie@gh.ci.org',	0,	'956d2d5467ed373328ee2d165a51c399',	'female',	'0',	'0',	46,	4,	462,	1,	31),
(486,	'Fiifi',	'Hinson',	'FHinson@gh.ci.org',	0,	'956d2d5467ed373328ee2d165a51c399',	'male',	'0',	'0',	29,	4,	517,	1,	31),
(487,	'Richard',	'Kissi',	'RKissi@gh.ci.org',	0,	'956d2d5467ed373328ee2d165a51c399',	'male',	'0',	'0',	37,	4,	516,	1,	31),
(488,	'Abena',	'Koomson',	'AKoomson@gh.ci.org',	0,	'956d2d5467ed373328ee2d165a51c399',	'female',	'0',	'0',	54,	4,	485,	1,	31),
(489,	'Eric',	'Koomson',	'EKoomson@gh.ci.org',	0,	'956d2d5467ed373328ee2d165a51c399',	'male',	'0',	'0',	29,	4,	456,	1,	31),
(490,	'Aisha',	'Kwakye',	'AKwakye@gh.ci.org',	0,	'956d2d5467ed373328ee2d165a51c399',	'female',	'0',	'0',	16,	8,	504,	1,	31),
(491,	'Victoria',	'Kwamin',	'VKwamin@gh.ci.org',	0,	'956d2d5467ed373328ee2d165a51c399',	'female',	'0',	'0',	2,	4,	488,	1,	31),
(492,	'Enock',	'Kyei Baffour',	'EKyei Baffour@gh.ci.org',	0,	'956d2d5467ed373328ee2d165a51c399',	'male',	'0',	'0',	29,	4,	456,	1,	31),
(493,	'Enyonam',	'Larbi',	'ELarbi@gh.ci.org',	0,	'956d2d5467ed373328ee2d165a51c399',	'female',	'0',	'0',	32,	4,	500,	1,	31),
(494,	'Mercy',	'Mawusi-Koukoyi',	'MMawusi-Koukoyi@gh.ci.org',	0,	'956d2d5467ed373328ee2d165a51c399',	'female',	'0',	'0',	32,	4,	500,	1,	31),
(495,	'Elesi',	'Menka',	'EMenka@gh.ci.org',	0,	'956d2d5467ed373328ee2d165a51c399',	'female',	'0',	'0',	32,	4,	500,	1,	31),
(496,	'David',	'Mensah-Ackman',	'DMensah-Ackman@gh.ci.org',	0,	'956d2d5467ed373328ee2d165a51c399',	'male',	'0',	'0',	17,	4,	477,	1,	31),
(497,	'Vera',	'Mensah-Bediako',	'VMensah-Bediako@gh.ci.org',	0,	'956d2d5467ed373328ee2d165a51c399',	'female',	'0',	'0',	31,	4,	394,	1,	31),
(498,	'Ivy',	'Mensah',	'IMensah@gh.ci.org',	0,	'956d2d5467ed373328ee2d165a51c399',	'female',	'0',	'0',	37,	4,	516,	1,	31),
(499,	'Isaac',	'Nartey',	'INartey@gh.ci.org',	0,	'956d2d5467ed373328ee2d165a51c399',	'male',	'0',	'0',	29,	4,	456,	1,	31),
(500,	'Edward',	'Nyamekye',	'ENyamekye@gh.ci.org',	0,	'956d2d5467ed373328ee2d165a51c399',	'male',	'0',	'0',	24,	4,	458,	1,	31),
(501,	'Emmanuel',	'Nyarko-Tetteh',	'ENyarko-Tetteh@gh.ci.org',	0,	'956d2d5467ed373328ee2d165a51c399',	'male',	'0',	'0',	30,	4,	517,	1,	31),
(502,	'Vida',	'Obeng',	'VObeng@gh.ci.org',	0,	'956d2d5467ed373328ee2d165a51c399',	'female',	'0',	'0',	27,	4,	470,	1,	31),
(503,	'Godwin',	'Ocloo',	'GOcloo@gh.ci.org',	0,	'956d2d5467ed373328ee2d165a51c399',	'male',	'0',	'0',	53,	4,	375,	1,	31),
(504,	'Winfred',	'Offei',	'WOffei@gh.ci.org',	0,	'956d2d5467ed373328ee2d165a51c399',	'male',	'0',	'0',	16,	8,	269,	1,	31),
(505,	'Samuel',	'Okoampa',	'SOkoampa@gh.ci.org',	0,	'956d2d5467ed373328ee2d165a51c399',	'male',	'0',	'0',	29,	4,	482,	1,	31),
(506,	'Portia',	'Opoku',	'POpoku@gh.ci.org',	0,	'956d2d5467ed373328ee2d165a51c399',	'female',	'0',	'0',	29,	4,	456,	1,	31),
(507,	'David',	'Owusu-Mensah',	'DOwusu-Mensah@gh.ci.org',	0,	'956d2d5467ed373328ee2d165a51c399',	'male',	'0',	'0',	29,	4,	482,	1,	31),
(508,	'Amos',	'Safo',	'ASafo@gh.ci.org',	0,	'956d2d5467ed373328ee2d165a51c399',	'male',	'0',	'0',	33,	4,	460,	1,	31),
(509,	'Benjamin',	'Sarbah',	'BSarbah@gh.ci.org',	0,	'956d2d5467ed373328ee2d165a51c399',	'male',	'0',	'0',	33,	4,	460,	1,	31),
(510,	'Ohemaa',	'Sarfo',	'OSarfo@gh.ci.org',	0,	'956d2d5467ed373328ee2d165a51c399',	'female',	'0',	'0',	29,	4,	517,	1,	31),
(511,	'Isaac',	'Tandoh',	'ITandoh@gh.ci.org',	0,	'956d2d5467ed373328ee2d165a51c399',	'male',	'0',	'0',	35,	4,	462,	1,	31),
(512,	'Hadassah',	'Tenge',	'HTenge@gh.ci.org',	0,	'956d2d5467ed373328ee2d165a51c399',	'female',	'0',	'0',	18,	4,	107,	1,	31),
(513,	'Enoch',	'Tetteh',	'ETetteh@gh.ci.org',	0,	'956d2d5467ed373328ee2d165a51c399',	'male',	'0',	'0',	5,	4,	364,	1,	31),
(514,	'Francis',	'Tetteh',	'FTetteh@gh.ci.org',	0,	'956d2d5467ed373328ee2d165a51c399',	'male',	'0',	'0',	13,	4,	488,	1,	31),
(515,	'Elvis',	'Teye',	'ETeye@gh.ci.org',	0,	'956d2d5467ed373328ee2d165a51c399',	'male',	'0',	'0',	29,	4,	482,	1,	31),
(516,	'Robert',	'Turkson',	'RTurkson@gh.ci.org',	0,	'956d2d5467ed373328ee2d165a51c399',	'male',	'0',	'0',	55,	4,	458,	1,	31),
(517,	'Nyarko',	'Twum-Barimah',	'NTwum-Barimah@gh.ci.org',	0,	'956d2d5467ed373328ee2d165a51c399',	'male',	'0',	'0',	23,	4,	470,	1,	31),
(518,	'Samuel',	'Van Dyck',	'SVan Dyck@gh.ci.org',	0,	'956d2d5467ed373328ee2d165a51c399',	'male',	'0',	'0',	37,	4,	516,	1,	31),
(519,	'Kate',	'Wiafe',	'KWiafe@gh.ci.org',	0,	'956d2d5467ed373328ee2d165a51c399',	'female',	'0',	'0',	32,	4,	461,	1,	31),
(520,	'Aferagn',	'Abate',	'AAbate@et.ci.org',	0,	'956d2d5467ed373328ee2d165a51c399',	'male',	'0',	'0',	6,	4,	543,	1,	30),
(521,	'Tutu',	'Abdo',	'TAbdo@et.ci.org',	0,	'956d2d5467ed373328ee2d165a51c399',	'female',	'0',	'0',	51,	4,	609,	1,	30),
(522,	'Addis',	'Abebe',	'AAbebe@et.ci.org',	0,	'956d2d5467ed373328ee2d165a51c399',	'male',	'0',	'0',	33,	4,	582,	1,	30),
(523,	'Tekalign',	'Abebe',	'TAbebe@et.ci.org',	0,	'956d2d5467ed373328ee2d165a51c399',	'male',	'0',	'0',	29,	4,	570,	1,	30),
(524,	'Amanuel',	'Abera',	'AAbera@et.ci.org',	0,	'956d2d5467ed373328ee2d165a51c399',	'male',	'0',	'0',	29,	4,	594,	1,	30),
(525,	'Muluwork',	'Abiye',	'MAbiye@et.ci.org',	0,	'956d2d5467ed373328ee2d165a51c399',	'female',	'0',	'0',	15,	4,	533,	1,	30),
(526,	'Eden',	'Afework',	'EAfework@et.ci.org',	0,	'956d2d5467ed373328ee2d165a51c399',	'female',	'0',	'0',	33,	4,	582,	1,	30),
(527,	'Biruktawit',	'Alemu',	'BAlemu@et.ci.org',	0,	'956d2d5467ed373328ee2d165a51c399',	'female',	'0',	'0',	15,	4,	533,	1,	30),
(528,	'Gebeyaw',	'Alemu',	'GAlemu@et.ci.org',	0,	'956d2d5467ed373328ee2d165a51c399',	'male',	'0',	'0',	29,	4,	570,	1,	30),
(529,	'Zerihun',	'Alemu',	'ZAlemu@et.ci.org',	0,	'956d2d5467ed373328ee2d165a51c399',	'male',	'0',	'0',	29,	4,	545,	1,	30),
(530,	'Rahel',	'Alganeh',	'RAlganeh@et.ci.org',	0,	'956d2d5467ed373328ee2d165a51c399',	'female',	'0',	'0',	29,	4,	594,	1,	30),
(531,	'Getu',	'Amare',	'GAmare@et.ci.org',	0,	'956d2d5467ed373328ee2d165a51c399',	'male',	'0',	'0',	32,	4,	557,	1,	30),
(532,	'Ayresam',	'Ashenafi',	'AAshenafi@et.ci.org',	0,	'956d2d5467ed373328ee2d165a51c399',	'male',	'0',	'0',	29,	4,	594,	1,	30),
(533,	'Amezene',	'Assefa',	'AAssefa@et.ci.org',	0,	'956d2d5467ed373328ee2d165a51c399',	'male',	'0',	'0',	54,	4,	543,	1,	30),
(534,	'Azeb',	'Assefa',	'AAssefa@et.ci.org',	0,	'956d2d5467ed373328ee2d165a51c399',	'female',	'0',	'0',	37,	4,	595,	1,	30),
(535,	'Nathnael',	'Assefa',	'NAssefa@et.ci.org',	0,	'956d2d5467ed373328ee2d165a51c399',	'male',	'0',	'0',	32,	4,	557,	1,	30),
(536,	'Asfaw',	'Atamo',	'AAtamo@et.ci.org',	0,	'956d2d5467ed373328ee2d165a51c399',	'male',	'0',	'0',	33,	4,	582,	1,	30),
(537,	'Ayele',	'Atlabachew',	'AAtlabachew@et.ci.org',	0,	'956d2d5467ed373328ee2d165a51c399',	'male',	'0',	'0',	24,	4,	615,	1,	30),
(538,	'Amsalu',	'Ayele',	'AAyele@et.ci.org',	0,	'956d2d5467ed373328ee2d165a51c399',	'male',	'0',	'0',	37,	4,	609,	1,	30),
(539,	'Michael',	'Bahiru',	'MBahiru@et.ci.org',	0,	'956d2d5467ed373328ee2d165a51c399',	'male',	'0',	'0',	29,	4,	547,	1,	30),
(540,	'Tsadik',	'Belete',	'TBelete@et.ci.org',	0,	'956d2d5467ed373328ee2d165a51c399',	'female',	'0',	'0',	37,	4,	595,	1,	30),
(541,	'Yonatan',	'Birhanu',	'YBirhanu@et.ci.org',	0,	'956d2d5467ed373328ee2d165a51c399',	'male',	'0',	'0',	43,	4,	477,	1,	30),
(542,	'Debebe',	'Bizuneh',	'DBizuneh@et.ci.org',	0,	'956d2d5467ed373328ee2d165a51c399',	'male',	'0',	'0',	33,	4,	582,	1,	30),
(543,	'Melkamua',	'Bolancco',	'MBolancco@et.ci.org',	0,	'956d2d5467ed373328ee2d165a51c399',	'female',	'0',	'0',	46,	4,	601,	1,	30),
(544,	'Eshetu',	'Chala',	'EChala@et.ci.org',	0,	'956d2d5467ed373328ee2d165a51c399',	'male',	'0',	'0',	29,	4,	545,	1,	30),
(545,	'Selamawit',	'Cherinet',	'SCherinet@et.ci.org',	0,	'956d2d5467ed373328ee2d165a51c399',	'female',	'0',	'0',	23,	4,	575,	1,	30),
(546,	'Miheret',	'Daniel',	'MDaniel@et.ci.org',	0,	'956d2d5467ed373328ee2d165a51c399',	'male',	'0',	'0',	1,	4,	373,	1,	30),
(547,	'Endale',	'Debebe',	'EDebebe@et.ci.org',	0,	'956d2d5467ed373328ee2d165a51c399',	'male',	'0',	'0',	23,	4,	575,	1,	30),
(548,	'Lemma',	'Debele',	'LDebele@et.ci.org',	0,	'956d2d5467ed373328ee2d165a51c399',	'male',	'0',	'0',	32,	4,	537,	1,	30),
(549,	'Girma',	'Dejene',	'GDejene@et.ci.org',	0,	'956d2d5467ed373328ee2d165a51c399',	'male',	'0',	'0',	29,	4,	547,	1,	30),
(550,	'Abraham',	'Demeke',	'ADemeke@et.ci.org',	0,	'956d2d5467ed373328ee2d165a51c399',	'male',	'0',	'0',	29,	4,	547,	1,	30),
(551,	'Roman',	'Deneke',	'RDeneke@et.ci.org',	0,	'956d2d5467ed373328ee2d165a51c399',	'female',	'0',	'0',	1,	4,	373,	1,	30),
(552,	'Alemu',	'Derbie',	'ADerbie@et.ci.org',	0,	'956d2d5467ed373328ee2d165a51c399',	'male',	'0',	'0',	29,	4,	570,	1,	30),
(553,	'Sisay',	'Derbie',	'SDerbie@et.ci.org',	0,	'956d2d5467ed373328ee2d165a51c399',	'male',	'0',	'0',	29,	4,	619,	1,	30),
(554,	'Dereje',	'Dibaba',	'DDibaba@et.ci.org',	0,	'956d2d5467ed373328ee2d165a51c399',	'male',	'0',	'0',	29,	4,	547,	1,	30),
(555,	'Shimelis',	'Endale',	'SEndale@et.ci.org',	0,	'956d2d5467ed373328ee2d165a51c399',	'male',	'0',	'0',	29,	4,	545,	1,	30),
(556,	'Yacob',	'Esayas',	'YEsayas@et.ci.org',	0,	'956d2d5467ed373328ee2d165a51c399',	'male',	'0',	'0',	50,	4,	461,	1,	30),
(557,	'Abel',	'Eshetu',	'AEshetu@et.ci.org',	0,	'956d2d5467ed373328ee2d165a51c399',	'male',	'0',	'0',	24,	4,	615,	1,	30),
(558,	'Tewodros',	'Gebremeskel',	'TGebremeskel@et.ci.org',	0,	'956d2d5467ed373328ee2d165a51c399',	'male',	'0',	'0',	32,	4,	557,	1,	30),
(559,	'Girum',	'Getachew',	'GGetachew@et.ci.org',	0,	'956d2d5467ed373328ee2d165a51c399',	'male',	'0',	'0',	35,	4,	543,	1,	30),
(560,	'Mulualem',	'Getachew',	'MGetachew@et.ci.org',	0,	'956d2d5467ed373328ee2d165a51c399',	'male',	'0',	'0',	30,	4,	575,	1,	30),
(561,	'Alemseged',	'Girma',	'AGirma@et.ci.org',	0,	'956d2d5467ed373328ee2d165a51c399',	'male',	'0',	'0',	29,	4,	619,	1,	30),
(562,	'Tigist',	'Gizachew',	'TGizachew@et.ci.org',	0,	'956d2d5467ed373328ee2d165a51c399',	'female',	'0',	'0',	31,	4,	394,	1,	30),
(563,	'Aynalem',	'Habtemeskel',	'AHabtemeskel@et.ci.org',	0,	'956d2d5467ed373328ee2d165a51c399',	'female',	'0',	'0',	29,	4,	545,	1,	30),
(564,	'Tsegamlak',	'Haile',	'THaile@et.ci.org',	0,	'956d2d5467ed373328ee2d165a51c399',	'female',	'0',	'0',	32,	4,	537,	1,	30),
(565,	'Fuad',	'Hassen',	'FHassen@et.ci.org',	0,	'956d2d5467ed373328ee2d165a51c399',	'male',	'0',	'0',	30,	4,	575,	1,	30),
(566,	'Teketel',	'Jonna',	'TJonna@et.ci.org',	0,	'956d2d5467ed373328ee2d165a51c399',	'male',	'0',	'0',	29,	4,	547,	1,	30),
(567,	'Ashebir',	'Kassa',	'AKassa@et.ci.org',	0,	'956d2d5467ed373328ee2d165a51c399',	'male',	'0',	'0',	29,	4,	547,	1,	30),
(568,	'Mahilet',	'Kassahun',	'MKassahun@et.ci.org',	0,	'956d2d5467ed373328ee2d165a51c399',	'female',	'0',	'0',	40,	4,	533,	1,	30),
(569,	'Getahun',	'Kassaye',	'GKassaye@et.ci.org',	0,	'956d2d5467ed373328ee2d165a51c399',	'male',	'0',	'0',	29,	4,	570,	1,	30),
(570,	'Asnake',	'Kebede',	'AKebede@et.ci.org',	0,	'956d2d5467ed373328ee2d165a51c399',	'male',	'0',	'0',	23,	4,	575,	1,	30),
(571,	'Ayele',	'Kefeni',	'AKefeni@et.ci.org',	0,	'956d2d5467ed373328ee2d165a51c399',	'male',	'0',	'0',	29,	4,	570,	1,	30),
(572,	'Yoseph',	'Kentiba',	'YKentiba@et.ci.org',	0,	'956d2d5467ed373328ee2d165a51c399',	'male',	'0',	'0',	57,	4,	621,	1,	30),
(573,	'Demissie',	'Legesse',	'DLegesse@et.ci.org',	0,	'956d2d5467ed373328ee2d165a51c399',	'male',	'0',	'0',	29,	4,	619,	1,	30),
(574,	'Israel',	'Legesse',	'ILegesse@et.ci.org',	0,	'956d2d5467ed373328ee2d165a51c399',	'female',	'0',	'0',	33,	4,	582,	1,	30),
(575,	'Fikre',	'Lobago',	'FLobago@et.ci.org',	0,	'956d2d5467ed373328ee2d165a51c399',	'male',	'0',	'0',	47,	4,	601,	1,	30),
(576,	'Alefu',	'Mamo',	'AMamo@et.ci.org',	0,	'956d2d5467ed373328ee2d165a51c399',	'female',	'0',	'0',	17,	4,	477,	1,	30),
(577,	'Tegegnework',	'Mamo',	'TMamo@et.ci.org',	0,	'956d2d5467ed373328ee2d165a51c399',	'male',	'0',	'0',	13,	4,	533,	1,	30),
(578,	'Yohannes',	'Mamo',	'YMamo@et.ci.org',	0,	'956d2d5467ed373328ee2d165a51c399',	'male',	'0',	'0',	29,	4,	594,	1,	30),
(579,	'Mario',	'Massebo',	'MMassebo@et.ci.org',	0,	'956d2d5467ed373328ee2d165a51c399',	'male',	'0',	'0',	13,	4,	533,	1,	30),
(580,	'Misgana',	'Mekuria',	'MMekuria@et.ci.org',	0,	'956d2d5467ed373328ee2d165a51c399',	'male',	'0',	'0',	5,	4,	503,	1,	30),
(581,	'Yonas',	'Melese',	'YMelese@et.ci.org',	0,	'956d2d5467ed373328ee2d165a51c399',	'male',	'0',	'0',	32,	4,	557,	1,	30),
(582,	'Dereje',	'Mergia',	'DMergia@et.ci.org',	0,	'956d2d5467ed373328ee2d165a51c399',	'male',	'0',	'0',	25,	4,	615,	1,	30),
(583,	'Kumneger',	'Mesafint',	'KMesafint@et.ci.org',	0,	'956d2d5467ed373328ee2d165a51c399',	'male',	'0',	'0',	57,	4,	621,	1,	30),
(584,	'Melat',	'Mohammed',	'MMohammed@et.ci.org',	0,	'956d2d5467ed373328ee2d165a51c399',	'female',	'0',	'0',	37,	4,	595,	1,	30),
(585,	'Fisseha',	'Molla',	'FMolla@et.ci.org',	0,	'956d2d5467ed373328ee2d165a51c399',	'male',	'0',	'0',	16,	8,	269,	1,	30),
(586,	'Habtu',	'Mulata',	'HMulata@et.ci.org',	0,	'956d2d5467ed373328ee2d165a51c399',	'male',	'0',	'0',	18,	4,	107,	1,	30),
(587,	'Solomon',	'Mulatu',	'SMulatu@et.ci.org',	0,	'956d2d5467ed373328ee2d165a51c399',	'male',	'0',	'0',	29,	4,	545,	1,	30),
(588,	'Alemayehu',	'Mulugeta',	'AMulugeta@et.ci.org',	0,	'956d2d5467ed373328ee2d165a51c399',	'male',	'0',	'0',	13,	4,	533,	1,	30),
(589,	'Kassech',	'Mussa',	'KMussa@et.ci.org',	0,	'956d2d5467ed373328ee2d165a51c399',	'female',	'0',	'0',	32,	4,	537,	1,	30),
(590,	'Demitu',	'Ogato',	'DOgato@et.ci.org',	0,	'956d2d5467ed373328ee2d165a51c399',	'female',	'0',	'0',	51,	4,	609,	1,	30),
(591,	'Tegegn',	'Origino',	'TOrigino@et.ci.org',	0,	'956d2d5467ed373328ee2d165a51c399',	'male',	'0',	'0',	50,	4,	397,	1,	30),
(592,	'Zerihun',	'Shagna',	'ZShagna@et.ci.org',	0,	'956d2d5467ed373328ee2d165a51c399',	'male',	'0',	'0',	27,	4,	557,	1,	30),
(593,	'Berhanu',	'Shano',	'BShano@et.ci.org',	0,	'956d2d5467ed373328ee2d165a51c399',	'male',	'0',	'0',	29,	4,	619,	1,	30),
(594,	'Fasil',	'Shibiru',	'FShibiru@et.ci.org',	0,	'956d2d5467ed373328ee2d165a51c399',	'male',	'0',	'0',	23,	4,	575,	1,	30),
(595,	'Yoseph',	'Sisay',	'YSisay@et.ci.org',	0,	'956d2d5467ed373328ee2d165a51c399',	'male',	'0',	'0',	55,	4,	621,	1,	30),
(596,	'Tsega',	'Taddese Mulat',	'TTaddese Mulat@et.ci.org',	0,	'956d2d5467ed373328ee2d165a51c399',	'female',	'0',	'0',	2,	4,	533,	1,	30),
(597,	'Tsega',	'Taddese Negewo',	'TTaddese Negewo@et.ci.org',	0,	'956d2d5467ed373328ee2d165a51c399',	'female',	'0',	'0',	37,	4,	595,	1,	30),
(598,	'Tigist',	'Tadele',	'TTadele@et.ci.org',	0,	'956d2d5467ed373328ee2d165a51c399',	'female',	'0',	'0',	39,	4,	373,	1,	30),
(599,	'Desta',	'Tadesse',	'DTadesse@et.ci.org',	0,	'956d2d5467ed373328ee2d165a51c399',	'male',	'0',	'0',	29,	4,	570,	1,	30),
(600,	'Eshetu',	'Tadesse',	'ETadesse@et.ci.org',	0,	'956d2d5467ed373328ee2d165a51c399',	'male',	'0',	'0',	29,	4,	547,	1,	30),
(601,	'Tsehaywota',	'Tadesse',	'TTadesse@et.ci.org',	0,	'956d2d5467ed373328ee2d165a51c399',	'male',	'0',	'0',	28,	4,	659,	1,	30),
(602,	'Temesgen',	'Tagesse',	'TTagesse@et.ci.org',	0,	'956d2d5467ed373328ee2d165a51c399',	'male',	'0',	'0',	29,	4,	545,	1,	30),
(603,	'Yesuneh',	'Tamene',	'YTamene@et.ci.org',	0,	'956d2d5467ed373328ee2d165a51c399',	'male',	'0',	'0',	29,	4,	594,	1,	30),
(604,	'Israel',	'Taye',	'ITaye@et.ci.org',	0,	'956d2d5467ed373328ee2d165a51c399',	'male',	'0',	'0',	49,	4,	570,	1,	30),
(605,	'Zewdu',	'Tefera',	'ZTefera@et.ci.org',	0,	'956d2d5467ed373328ee2d165a51c399',	'male',	'0',	'0',	29,	4,	547,	1,	30),
(606,	'Adinew',	'Teferi',	'ATeferi@et.ci.org',	0,	'956d2d5467ed373328ee2d165a51c399',	'male',	'0',	'0',	29,	4,	619,	1,	30),
(607,	'Birhanu',	'Tilahun',	'BTilahun@et.ci.org',	0,	'956d2d5467ed373328ee2d165a51c399',	'male',	'0',	'0',	29,	4,	619,	1,	30),
(608,	'Tsion',	'Tilahun',	'TTilahun@et.ci.org',	0,	'956d2d5467ed373328ee2d165a51c399',	'female',	'0',	'0',	2,	4,	533,	1,	30),
(609,	'Walansa',	'Tilahun',	'WTilahun@et.ci.org',	0,	'956d2d5467ed373328ee2d165a51c399',	'female',	'0',	'0',	55,	4,	621,	1,	30),
(610,	'Demissie',	'Wolde',	'DWolde@et.ci.org',	0,	'956d2d5467ed373328ee2d165a51c399',	'male',	'0',	'0',	29,	4,	594,	1,	30),
(611,	'Esrael',	'Woldeeyesus',	'EWoldeeyesus@et.ci.org',	0,	'956d2d5467ed373328ee2d165a51c399',	'male',	'0',	'0',	27,	4,	557,	1,	30),
(612,	'Mirtnesh',	'Woldegebriel',	'MWoldegebriel@et.ci.org',	0,	'956d2d5467ed373328ee2d165a51c399',	'female',	'0',	'0',	37,	4,	595,	1,	30),
(613,	'Hiwot',	'Woldemariam',	'HWoldemariam@et.ci.org',	0,	'956d2d5467ed373328ee2d165a51c399',	'female',	'0',	'0',	51,	4,	609,	1,	30),
(614,	'Sisay',	'Woldeyohannes',	'SWoldeyohannes@et.ci.org',	0,	'956d2d5467ed373328ee2d165a51c399',	'male',	'0',	'0',	7,	4,	537,	1,	30),
(615,	'Befekadu',	'Wondimu',	'BWondimu@et.ci.org',	0,	'956d2d5467ed373328ee2d165a51c399',	'male',	'0',	'0',	48,	4,	601,	1,	30),
(616,	'Zerihun',	'Worku',	'ZWorku@et.ci.org',	0,	'956d2d5467ed373328ee2d165a51c399',	'male',	'0',	'0',	5,	4,	503,	1,	30),
(617,	'Ephraim',	'Wosen',	'EWosen@et.ci.org',	0,	'956d2d5467ed373328ee2d165a51c399',	'male',	'0',	'0',	29,	4,	545,	1,	30),
(618,	'Deborah',	'Yihdego',	'DYihdego@et.ci.org',	0,	'956d2d5467ed373328ee2d165a51c399',	'female',	'0',	'0',	29,	4,	619,	1,	30),
(619,	'Senait',	'Yohannes',	'SYohannes@et.ci.org',	0,	'956d2d5467ed373328ee2d165a51c399',	'female',	'0',	'0',	23,	4,	575,	1,	30),
(620,	'Zewdu',	'Zegeye',	'ZZegeye@et.ci.org',	0,	'956d2d5467ed373328ee2d165a51c399',	'male',	'0',	'0',	29,	4,	619,	1,	30),
(621,	'Mamitu',	'Zellelew',	'MZellelew@et.ci.org',	0,	'956d2d5467ed373328ee2d165a51c399',	'female',	'0',	'0',	26,	4,	615,	1,	30),
(622,	'Tadesse',	'Zeray',	'TZeray@et.ci.org',	0,	'956d2d5467ed373328ee2d165a51c399',	'male',	'0',	'0',	29,	4,	594,	1,	30),
(623,	'Samuel',	'Banse',	'SBanse@bf.ci.org',	0,	'956d2d5467ed373328ee2d165a51c399',	'male',	'0',	'0',	33,	4,	682,	1,	33),
(624,	'Idrisssa',	'Barry',	'IBarry@bf.ci.org',	0,	'956d2d5467ed373328ee2d165a51c399',	'male',	'0',	'0',	29,	4,	671,	1,	33),
(625,	'Inoussa',	'Bene',	'IBene@bf.ci.org',	0,	'956d2d5467ed373328ee2d165a51c399',	'male',	'0',	'0',	47,	4,	643,	1,	33),
(626,	'Brice',	'Bicaba',	'BBicaba@bf.ci.org',	0,	'956d2d5467ed373328ee2d165a51c399',	'male',	'0',	'0',	29,	4,	629,	1,	33),
(627,	'Emmanuelle',	'Boco',	'EBoco@bf.ci.org',	0,	'956d2d5467ed373328ee2d165a51c399',	'female',	'0',	'0',	35,	4,	673,	1,	33),
(628,	'Kabissiga',	'Bougma',	'KBougma@bf.ci.org',	0,	'956d2d5467ed373328ee2d165a51c399',	'female',	'0',	'0',	32,	4,	652,	1,	33),
(629,	'Jean-Dieudonne',	'Compaore',	'JCompaore@bf.ci.org',	0,	'956d2d5467ed373328ee2d165a51c399',	'male',	'0',	'0',	23,	4,	625,	1,	33),
(630,	'Ata',	'Dah',	'ADah@bf.ci.org',	0,	'956d2d5467ed373328ee2d165a51c399',	'male',	'0',	'0',	29,	4,	686,	1,	33),
(631,	'Simplice',	'Dah',	'SDah@bf.ci.org',	0,	'956d2d5467ed373328ee2d165a51c399',	'male',	'0',	'0',	29,	4,	629,	1,	33),
(632,	'Nabarakissa',	'FOFANA',	'NFOFANA@bf.ci.org',	0,	'956d2d5467ed373328ee2d165a51c399',	'female',	'0',	'0',	37,	4,	635,	1,	33),
(633,	'Harouna',	'Gnessien',	'HGnessien@bf.ci.org',	0,	'956d2d5467ed373328ee2d165a51c399',	'male',	'0',	'0',	29,	4,	629,	1,	33),
(634,	'Jean',	'Ilboudo',	'JIlboudo@bf.ci.org',	0,	'956d2d5467ed373328ee2d165a51c399',	'male',	'0',	'0',	37,	4,	644,	1,	33),
(635,	'Juliette',	'Kabore Ouedraogo',	'JKabore Ouedraogo@bf.ci.org',	0,	'956d2d5467ed373328ee2d165a51c399',	'female',	'0',	'0',	55,	4,	646,	1,	33),
(636,	'Desire',	'Kabore',	'DKabore@bf.ci.org',	0,	'956d2d5467ed373328ee2d165a51c399',	'male',	'0',	'0',	33,	4,	682,	1,	33),
(637,	'Friedrich',	'Kabore',	'FKabore@bf.ci.org',	0,	'956d2d5467ed373328ee2d165a51c399',	'male',	'0',	'0',	30,	4,	625,	1,	33),
(638,	'Halimata',	'Kabore',	'HKabore@bf.ci.org',	0,	'956d2d5467ed373328ee2d165a51c399',	'female',	'0',	'0',	2,	4,	687,	1,	33),
(639,	'Jean',	'Kabore',	'JKabore@bf.ci.org',	0,	'956d2d5467ed373328ee2d165a51c399',	'male',	'0',	'0',	29,	4,	629,	1,	33),
(640,	'Suzanne',	'Kambou Hien',	'SKambou Hien@bf.ci.org',	0,	'956d2d5467ed373328ee2d165a51c399',	'female',	'0',	'0',	29,	4,	671,	1,	33),
(641,	'Bo-yrema',	'KAMBOU',	'BKAMBOU@bf.ci.org',	0,	'956d2d5467ed373328ee2d165a51c399',	'male',	'0',	'0',	37,	4,	635,	1,	33),
(642,	'Ursule',	'Kantiono',	'UKantiono@bf.ci.org',	0,	'956d2d5467ed373328ee2d165a51c399',	'female',	'0',	'0',	39,	4,	467,	1,	33),
(643,	'Issaka',	'Kiemtore',	'IKiemtore@bf.ci.org',	0,	'956d2d5467ed373328ee2d165a51c399',	'male',	'0',	'0',	28,	4,	659,	1,	33),
(644,	'Odette',	'Kinde',	'OKinde@bf.ci.org',	0,	'956d2d5467ed373328ee2d165a51c399',	'female',	'0',	'0',	55,	4,	646,	1,	33),
(645,	'Wend-Kuni',	'Korsaga',	'WKorsaga@bf.ci.org',	0,	'956d2d5467ed373328ee2d165a51c399',	'female',	'0',	'0',	29,	4,	686,	1,	33),
(646,	'Phoebe',	'Kuwonu',	'PKuwonu@bf.ci.org',	0,	'956d2d5467ed373328ee2d165a51c399',	'female',	'0',	'0',	48,	4,	643,	1,	33),
(647,	'David',	'Lankoande',	'DLankoande@bf.ci.org',	0,	'956d2d5467ed373328ee2d165a51c399',	'male',	'0',	'0',	29,	4,	671,	1,	33),
(648,	'Joyce',	'Lankoande',	'JLankoande@bf.ci.org',	0,	'956d2d5467ed373328ee2d165a51c399',	'female',	'0',	'0',	1,	4,	467,	1,	33),
(649,	'Latre-Sessime',	'Lawson-Hetcheli',	'LLawson-Hetcheli@bf.ci.org',	0,	'956d2d5467ed373328ee2d165a51c399',	'female',	'0',	'0',	37,	4,	635,	1,	33),
(650,	'Balkissa',	'Lompo',	'Balompo@bf.ci.org',	0,	'956d2d5467ed373328ee2d165a51c399',	'female',	'0',	'0',	16,	8,	688,	1,	33),
(651,	'Bepampo',	'Lompo',	'BLompo@bf.ci.org',	0,	'956d2d5467ed373328ee2d165a51c399',	'male',	'0',	'0',	29,	4,	671,	1,	33),
(652,	'Eric',	'Lonema',	'ELonema@bf.ci.org',	0,	'956d2d5467ed373328ee2d165a51c399',	'male',	'0',	'0',	24,	4,	646,	1,	33),
(653,	'Yacouba',	'Lougue',	'YLougue@bf.ci.org',	0,	'956d2d5467ed373328ee2d165a51c399',	'male',	'0',	'0',	13,	4,	687,	1,	33),
(654,	'Issoufou',	'Nana',	'INana@bf.ci.org',	0,	'956d2d5467ed373328ee2d165a51c399',	'male',	'0',	'0',	27,	4,	652,	1,	33),
(655,	'Laurent',	'Nana',	'LNana@bf.ci.org',	0,	'956d2d5467ed373328ee2d165a51c399',	'male',	'0',	'0',	29,	4,	629,	1,	33),
(656,	'Daaga',	'Nassouri I',	'DNassouri I@bf.ci.org',	0,	'956d2d5467ed373328ee2d165a51c399',	'male',	'0',	'0',	29,	4,	671,	1,	33),
(657,	'Stephane',	'Nassouri II',	'SNassouri II@bf.ci.org',	0,	'956d2d5467ed373328ee2d165a51c399',	'male',	'0',	'0',	32,	4,	652,	1,	33),
(658,	'Bahouaba',	'Noula',	'BNoula@bf.ci.org',	0,	'956d2d5467ed373328ee2d165a51c399',	'male',	'0',	'0',	29,	4,	629,	1,	33),
(659,	'Palamanga',	'Ouali',	'POuali@bf.ci.org',	0,	'956d2d5467ed373328ee2d165a51c399',	'male',	'0',	'0',	41,	4,	0,	1,	33),
(660,	'Brama',	'Ouattara',	'BOuattara@bf.ci.org',	0,	'956d2d5467ed373328ee2d165a51c399',	'male',	'0',	'0',	29,	4,	629,	1,	33),
(661,	'Souleymane',	'Ouattara',	'SOuattara@bf.ci.org',	0,	'956d2d5467ed373328ee2d165a51c399',	'male',	'0',	'0',	29,	4,	686,	1,	33),
(662,	'Adama',	'Ouedraogo',	'AOuedraogo@bf.ci.org',	0,	'956d2d5467ed373328ee2d165a51c399',	'male',	'0',	'0',	29,	4,	686,	1,	33),
(663,	'Dieudonne',	'Ouedraogo',	'DOuedraogo@bf.ci.org',	0,	'956d2d5467ed373328ee2d165a51c399',	'male',	'0',	'0',	6,	4,	673,	1,	33),
(664,	'Laure',	'Ouedraogo',	'LOuedraogo@bf.ci.org',	0,	'956d2d5467ed373328ee2d165a51c399',	'female',	'0',	'0',	33,	4,	682,	1,	33),
(665,	'Serge',	'Ouedraogo',	'SOuedraogo@bf.ci.org',	0,	'956d2d5467ed373328ee2d165a51c399',	'male',	'0',	'0',	31,	4,	394,	1,	33),
(666,	'Sidlawende',	'Ouedraogo',	'SOuedraogo@bf.ci.org',	0,	'956d2d5467ed373328ee2d165a51c399',	'female',	'0',	'0',	37,	4,	644,	1,	33),
(667,	'Sthere',	'Ouedraogo',	'SOuedraogo@bf.ci.org',	0,	'956d2d5467ed373328ee2d165a51c399',	'female',	'0',	'0',	37,	4,	644,	1,	33),
(668,	'Wendpagnangde',	'Ouedraogo',	'WOuedraogo@bf.ci.org',	0,	'956d2d5467ed373328ee2d165a51c399',	'female',	'0',	'0',	2,	4,	687,	1,	33),
(669,	'Zacharie',	'Ouedraogo',	'ZOuedraogo@bf.ci.org',	0,	'956d2d5467ed373328ee2d165a51c399',	'male',	'0',	'0',	29,	4,	671,	1,	33),
(670,	'Ferdinand',	'Ouena',	'FOuena@bf.ci.org',	0,	'956d2d5467ed373328ee2d165a51c399',	'male',	'0',	'0',	32,	4,	652,	1,	33),
(671,	'Joseph',	'Ouoba',	'JOuoba@bf.ci.org',	0,	'956d2d5467ed373328ee2d165a51c399',	'male',	'0',	'0',	23,	4,	625,	1,	33),
(672,	'Kanhouada',	'Ouoba',	'KOuoba@bf.ci.org',	0,	'956d2d5467ed373328ee2d165a51c399',	'male',	'0',	'0',	17,	4,	477,	1,	33),
(673,	'Soubeiga',	'Roger',	'SRoger@bf.ci.org',	0,	'956d2d5467ed373328ee2d165a51c399',	'male',	'0',	'0',	46,	4,	643,	1,	33),
(674,	'Aminata',	'Sangare',	'ASangare@bf.ci.org',	0,	'956d2d5467ed373328ee2d165a51c399',	'female',	'0',	'0',	33,	4,	682,	1,	33),
(675,	'JehojaKim',	'Sangare',	'JSangare@bf.ci.org',	0,	'956d2d5467ed373328ee2d165a51c399',	'male',	'0',	'0',	29,	4,	671,	1,	33),
(676,	'Amosse',	'Sawadogo',	'ASawadogo@bf.ci.org',	0,	'956d2d5467ed373328ee2d165a51c399',	'male',	'0',	'0',	33,	4,	682,	1,	33),
(677,	'Michel',	'Sawadogo',	'MSawadogo@bf.ci.org',	0,	'956d2d5467ed373328ee2d165a51c399',	'male',	'0',	'0',	29,	4,	686,	1,	33),
(678,	'Moise',	'Sawadogo',	'MSawadogo@bf.ci.org',	0,	'956d2d5467ed373328ee2d165a51c399',	'male',	'0',	'0',	29,	4,	629,	1,	33),
(679,	'Pegwind',	'Sawadogo',	'PSawadogo@bf.ci.org',	0,	'956d2d5467ed373328ee2d165a51c399',	'male',	'0',	'0',	37,	4,	635,	1,	33),
(680,	'Jedida',	'Sempore',	'JSempore@bf.ci.org',	0,	'956d2d5467ed373328ee2d165a51c399',	'female',	'0',	'0',	32,	4,	652,	1,	33),
(681,	'Wisseniboule',	'Tandia',	'WTandia@bf.ci.org',	0,	'956d2d5467ed373328ee2d165a51c399',	'female',	'0',	'0',	2,	4,	687,	1,	33),
(682,	'Bapouguini',	'Tankoano',	'BTankoano@bf.ci.org',	0,	'956d2d5467ed373328ee2d165a51c399',	'male',	'0',	'0',	25,	4,	646,	1,	33),
(683,	'Francoise',	'Tapsoba',	'FTapsoba@bf.ci.org',	0,	'956d2d5467ed373328ee2d165a51c399',	'female',	'0',	'0',	37,	4,	644,	1,	33),
(684,	'Moussa',	'Thiombiano',	'MThiombiano@bf.ci.org',	0,	'956d2d5467ed373328ee2d165a51c399',	'male',	'0',	'0',	29,	4,	686,	1,	33),
(685,	'Lesdi',	'Tiemtore',	'LTiemtore@bf.ci.org',	0,	'956d2d5467ed373328ee2d165a51c399',	'male',	'0',	'0',	37,	4,	635,	1,	33),
(686,	'Patricia',	'Tiendrebeogo',	'PTiendrebeogo@bf.ci.org',	0,	'956d2d5467ed373328ee2d165a51c399',	'female',	'0',	'0',	23,	4,	625,	1,	33),
(687,	'Zonabo',	'Toe Somtore',	'ZToe Somtore@bf.ci.org',	0,	'956d2d5467ed373328ee2d165a51c399',	'female',	'0',	'0',	54,	4,	673,	1,	33),
(688,	'Elise',	'Traore',	'ETraore@bf.ci.org',	0,	'956d2d5467ed373328ee2d165a51c399',	'male',	'0',	'0',	16,	8,	269,	1,	33),
(689,	'Daniel',	'Yameogo',	'DYameogo@bf.ci.org',	0,	'956d2d5467ed373328ee2d165a51c399',	'male',	'0',	'0',	5,	4,	503,	1,	33),
(690,	'Nicole',	'Yankine',	'NYankine@bf.ci.org',	0,	'956d2d5467ed373328ee2d165a51c399',	'female',	'0',	'0',	29,	4,	686,	1,	33),
(691,	'Evelyne',	'Yarabatioula',	'EYarabatioula@bf.ci.org',	0,	'956d2d5467ed373328ee2d165a51c399',	'female',	'0',	'0',	29,	4,	686,	1,	33),
(692,	'Babilibile',	'Yonli',	'BYonli@bf.ci.org',	0,	'956d2d5467ed373328ee2d165a51c399',	'male',	'0',	'0',	7,	4,	652,	1,	33),
(693,	'Mathilde',	'Zabsonre',	'MZabsonre@bf.ci.org',	0,	'956d2d5467ed373328ee2d165a51c399',	'female',	'0',	'0',	33,	4,	682,	1,	33),
(694,	'Ismael',	'Zampaligre',	'IZampaligre@bf.ci.org',	0,	'956d2d5467ed373328ee2d165a51c399',	'male',	'0',	'0',	32,	4,	652,	1,	33),
(695,	'Clemence',	'Zogona',	'CZogona@bf.ci.org',	0,	'956d2d5467ed373328ee2d165a51c399',	'female',	'0',	'0',	51,	4,	644,	1,	33),
(696,	'Kevin',	'Zongo',	'KZongo@bf.ci.org',	0,	'956d2d5467ed373328ee2d165a51c399',	'male',	'0',	'0',	32,	4,	652,	1,	33),
(697,	'Teshale',	'Gashu',	'TGashu@bf.ci.org',	0,	'956d2d5467ed373328ee2d165a51c399',	'male',	'0',	'0',	14,	4,	533,	1,	33),
(698,	'CHUKULISA',	'HALAKHE',	'CHALAKHE@bf.ci.org',	0,	'956d2d5467ed373328ee2d165a51c399',	'female',	'0',	'0',	29,	4,	351,	1,	33),
(699,	'Raphael',	'Jalango',	'RJalango@bf.ci.org',	0,	'956d2d5467ed373328ee2d165a51c399',	'male',	'0',	'0',	37,	4,	418,	1,	33),
(700,	'Hanna',	'Kachissa',	'HKachissa@bf.ci.org',	0,	'956d2d5467ed373328ee2d165a51c399',	'female',	'0',	'0',	36,	4,	533,	1,	33),
(701,	'NANCY',	'KHISA',	'NKHISA@bf.ci.org',	0,	'956d2d5467ed373328ee2d165a51c399',	'female',	'0',	'0',	35,	4,	386,	1,	33),
(702,	'Eyerusalem',	'Teketel',	'ETeketel@bf.ci.org',	0,	'956d2d5467ed373328ee2d165a51c399',	'female',	'0',	'0',	2,	4,	533,	1,	33);

-- 2018-06-22 07:06:35